{"vecquant8matmul_batched_faster_old": {"input_token": 113, "output_token": 0, "money_cost": 0.00014125000000000002, "gpt_time_cost": 189.3039152622223, "execute_time": 35.99641680717468}, "total": {"input_token": 0, "output_token": 0, "money_cost": 0.0, "time_cost": 253.779061794281}}