{"vecquant8matmul_batched_faster_old": {"input_token": 116, "output_token": 0, "money_cost": 0.000145, "gpt_time_cost": 178.0097680091858}, "vecquant8matmul_batched_column_compression_faster_old": {"input_token": 119, "output_token": 0, "money_cost": 0.00014874999999999998, "gpt_time_cost": 207.70746421813965, "execute_time": 416.25455498695374}, "total": {"input_token": 0, "output_token": 0, "money_cost": 0.0, "time_cost": 801.9725947380066}}