{"cutlass_scaled_mm_supports_fp4": {"input_token": 1518, "output_token": 0, "money_cost": 0.0018975, "gpt_time_cost": 193.55670619010925, "execute_time": 0.00034689903259277344}, "cutlass_scaled_mm_supports_block_fp8": {"input_token": 1522, "output_token": 0, "money_cost": 0.0019025000000000001, "gpt_time_cost": 154.66597509384155, "execute_time": 5.1021575927734375e-05}, "cutlass_scaled_mm_supports_fp8": {"input_token": 1519, "output_token": 0, "money_cost": 0.0018987499999999998, "gpt_time_cost": 68.91386198997498}, "swap_blocks": {"execute_time": 28.77004075050354}, "total": {"input_token": 4559, "output_token": 0, "money_cost": 0.005698750000000001, "time_cost": 487.33304810523987}}