{"rspmm_min_mul_backward_cuda": {"input_token": 107, "output_token": 0, "money_cost": 0.00013375, "gpt_time_cost": 171.18367719650269, "execute_time": 762.9076056480408}, "rspmm_max_mul_backward_cuda": {"input_token": 107, "output_token": 0, "money_cost": 0.00013375, "gpt_time_cost": 130.19229388237, "execute_time": 188.29077339172363}, "rspmm_max_add_forward_cuda": {"input_token": 107, "output_token": 0, "money_cost": 0.00013375, "gpt_time_cost": 77.98168277740479, "execute_time": 192.31472492218018}, "rspmm_add_add_backward_cuda": {"input_token": 107, "output_token": 0, "money_cost": 0.00013375, "gpt_time_cost": 120.84153485298157, "execute_time": 192.03423190116882}, "rspmm_max_add_backward_cuda": {"input_token": 107, "output_token": 0, "money_cost": 0.00013375, "gpt_time_cost": 151.9217140674591, "execute_time": 191.1207423210144}, "rspmm_add_mul_backward_cuda": {"input_token": 107, "output_token": 0, "money_cost": 0.00013375, "gpt_time_cost": 96.09131526947021}, "rspmm_min_add_forward_cuda": {"input_token": 107, "output_token": 0, "money_cost": 0.00013375, "gpt_time_cost": 119.56294512748718, "execute_time": 752.7257342338562}, "rspmm_min_add_backward_cuda": {"input_token": 107, "output_token": 0, "money_cost": 0.00013375, "gpt_time_cost": 133.98559165000916, "execute_time": 762.164333820343}, "total": {"input_token": 0, "output_token": 0, "money_cost": 0.0, "time_cost": 4235.164436578751}}