{"vecquant2matmul": {"input_token": 110, "output_token": 0, "money_cost": 0.0001375, "gpt_time_cost": 95.12121200561523}, "vecquant8matmul": {"input_token": 110, "output_token": 0, "money_cost": 0.0001375, "gpt_time_cost": 94.78377556800842}, "vecquant3matmul": {"input_token": 110, "output_token": 0, "money_cost": 0.0001375, "gpt_time_cost": 73.50012159347534}, "total": {"input_token": 0, "output_token": 0, "money_cost": 0.0, "time_cost": 276.0990536212921}}