{"vecquant8matmul_batched_faster_old": {"input_token": 113, "output_token": 0, "money_cost": 0.00014125000000000002, "gpt_time_cost": 154.9812207221985, "execute_time": 555.6654362678528}, "total": {"input_token": 0, "output_token": 0, "money_cost": 0.0, "time_cost": 1428.0873396396637}}