{"cutlass_scaled_mm_supports_fp4": {"input_token": 758, "output_token": 0, "money_cost": 0.0009475, "gpt_time_cost": 164.7943058013916, "execute_time": 0.41896700859069824}, "cutlass_scaled_mm_supports_fp8": {"execute_time": 97.67111444473267}, "cutlass_scaled_mm_supports_block_fp8": {"execute_time": 105.86941885948181}, "total": {"input_token": 758, "output_token": 0, "money_cost": 0.0009475, "time_cost": 683.6865215301514}}