{"vecquant8matmul_batched_faster_old": {"input_token": 119, "output_token": 0, "money_cost": 0.00014874999999999998, "gpt_time_cost": 792.2444331645966, "execute_time": 17.47765588760376}, "total": {"input_token": 0, "output_token": 0, "money_cost": 0.0, "time_cost": 935.3563787937164}}