{"marlin_qqq_gemm": {"input_token": 588, "output_token": 0, "money_cost": 0.000735, "gpt_time_cost": 308.25780749320984}, "gptq_marlin_24_gemm": {"input_token": 567, "output_token": 0, "money_cost": 0.00070875, "gpt_time_cost": 238.4057011604309, "execute_time": 3.4052419662475586}, "marlin_gemm": {"input_token": 551, "output_token": 0, "money_cost": 0.00068875, "gpt_time_cost": 195.25581789016724, "execute_time": 19.021381378173828}, "gptq_gemm": {"input_token": 510, "output_token": 0, "money_cost": 0.0006375, "gpt_time_cost": 236.2696304321289, "execute_time": 2.7750306129455566}, "static_scaled_fp8_quant": {"execute_time": 32.58320713043213}, "dynamic_per_token_scaled_fp8_quant": {"input_token": 856, "output_token": 0, "money_cost": 0.00107, "gpt_time_cost": 148.50014281272888, "execute_time": 32.735451459884644}, "dynamic_scaled_int8_quant": {"execute_time": 456.92498993873596}, "cutlass_scaled_mm": {"execute_time": 475.3359525203705}, "static_scaled_int8_quant": {"input_token": 697, "output_token": 0, "money_cost": 0.00087125, "gpt_time_cost": 150.04240775108337}, "awq_dequantize": {"input_token": 593, "output_token": 0, "money_cost": 0.0007412499999999999, "gpt_time_cost": 159.34851598739624, "execute_time": 2.518537998199463}, "cutlass_scaled_sparse_mm": {"input_token": 741, "output_token": 0, "money_cost": 0.00092625, "gpt_time_cost": 196.72436618804932, "execute_time": 0.4733600616455078}, "reshape_and_cache": {"input_token": 511, "output_token": 0, "money_cost": 0.00063875, "gpt_time_cost": 92.82722616195679, "execute_time": 22.474095344543457}, "scaled_fp4_quant": {"execute_time": 9.282498836517334}, "gptq_marlin_gemm": {"input_token": 568, "output_token": 0, "money_cost": 0.0007099999999999999, "gpt_time_cost": 184.53831386566162, "execute_time": 3.4941470623016357}, "swap_blocks": {"execute_time": 26.36063289642334}, "awq_gemm": {"input_token": 628, "output_token": 0, "money_cost": 0.000785, "gpt_time_cost": 76.3090922832489}, "paged_attention_v2": {"input_token": 1113, "output_token": 0, "money_cost": 0.00139125, "gpt_time_cost": 141.38416147232056, "execute_time": 36.47290277481079}, "machete_mm": {"input_token": 546, "output_token": 0, "money_cost": 0.0006825000000000001, "gpt_time_cost": 162.9318163394928}, "gelu_quick": {"input_token": 449, "output_token": 0, "money_cost": 0.00056125, "gpt_time_cost": 163.61924600601196, "execute_time": 9.050233364105225}, "gather_cache": {"input_token": 648, "output_token": 0, "money_cost": 0.0008100000000000001, "gpt_time_cost": 98.53146600723267}, "gelu_new": {"input_token": 449, "output_token": 0, "money_cost": 0.00056125, "gpt_time_cost": 196.67867231369019, "execute_time": 21.110815286636353}, "gelu_fast": {"input_token": 449, "output_token": 0, "money_cost": 0.00056125, "gpt_time_cost": 176.80381321907043, "execute_time": 20.153381824493408}, "merge_attn_states": {"input_token": 739, "output_token": 0, "money_cost": 0.00092375, "gpt_time_cost": 145.318998336792, "execute_time": 34.99829173088074}, "convert_vertical_slash_indexes_mergehead": {"input_token": 981, "output_token": 0, "money_cost": 0.00122625, "gpt_time_cost": 281.15189123153687, "execute_time": 8.310142993927002}, "cutlass_scaled_mm_supports_fp4": {"execute_time": 8.204887390136719}, "aqlm_dequant": {"execute_time": 70.1125373840332}, "cutlass_scaled_fp4_mm": {"execute_time": 8.210903882980347}, "batched_rotary_embedding": {"input_token": 612, "output_token": 0, "money_cost": 0.0007650000000000001, "gpt_time_cost": 183.90499472618103}, "paged_attention_v1": {"input_token": 909, "output_token": 0, "money_cost": 0.00113625, "gpt_time_cost": 159.2472517490387, "execute_time": 20.681586503982544}, "allspark_w8a16_gemm": {"input_token": 538, "output_token": 0, "money_cost": 0.0006725, "gpt_time_cost": 174.49782180786133, "execute_time": 1.811981201171875e-05}, "paged_attention": {"input_token": 596, "output_token": 0, "money_cost": 0.000745, "gpt_time_cost": 275.9452962875366, "execute_time": 25.471063375473022}, "aqlm_gemm": {"execute_time": 63.513756275177}, "total": {"input_token": 14839, "output_token": 0, "money_cost": 0.018548749999999992, "time_cost": 5904.805228233337}}