{
    "vecquant8matmul_batched_faster_old": {
        "input_token": 116,
        "output_token": 0,
        "money_cost": 0.000145,
        "gpt_time_cost": 146.4809603691101
    },
    "vecquant8matmul_batched_column_compression_faster_old": {
        "input_token": 119,
        "output_token": 0,
        "money_cost": 0.00014874999999999998,
        "gpt_time_cost": 156.32953906059265,
        "execute_time": 594.9169752597809
    },
    "total": {
        "input_token": 0,
        "output_token": 0,
        "money_cost": 0.0,
        "time_cost": 1490.1125626564026
    }
}