{"cutlass_scaled_mm_supports_fp4": {"input_token": 8344, "output_token": 0, "money_cost": 0.01043, "gpt_time_cost": 150.38352465629578, "execute_time": 16.831660985946655}, "cutlass_scaled_mm_supports_block_fp8": {"input_token": 8348, "output_token": 0, "money_cost": 0.010435000000000002, "gpt_time_cost": 213.50822973251343, "execute_time": 94.07158017158508}, "advance_step_flashattn": {"execute_time": 43.01823687553406}, "swap_blocks": {"execute_time": 54.33087229728699}, "total": {"input_token": 16692, "output_token": 0, "money_cost": 0.020865, "time_cost": 751.2256152629852}}