{"rspmm_add_add_forward_cuda": {"input_token": 107, "output_token": 0, "money_cost": 0.00013375, "gpt_time_cost": 101.15739846229553, "execute_time": 188.65522408485413}, "rspmm_add_add_backward_cuda": {"input_token": 107, "output_token": 0, "money_cost": 0.00013375, "gpt_time_cost": 110.28254246711731, "execute_time": 183.96865844726562}, "rspmm_min_add_backward_cuda": {"execute_time": 721.94402551651}, "rspmm_max_mul_backward_cuda": {"input_token": 107, "output_token": 0, "money_cost": 0.00013375, "gpt_time_cost": 94.51193642616272, "execute_time": 183.92395687103271}, "rspmm_add_mul_backward_cuda": {"input_token": 107, "output_token": 0, "money_cost": 0.00013375, "gpt_time_cost": 86.64149451255798}, "total": {"input_token": 0, "output_token": 0, "money_cost": 0.0, "time_cost": 1671.1583564281464}}