{"scaled_fp4_quant": {"input_token": 806, "output_token": 0, "money_cost": 0.0010075000000000001, "gpt_time_cost": 160.61434078216553}, "awq_gemm": {"execute_time": 147.88784337043762}, "gptq_gemm": {"execute_time": 15.774643898010254}, "gelu_fast": {"execute_time": 16.9709734916687}, "dynamic_scaled_fp8_quant": {"execute_time": 20.611998081207275}, "paged_attention_v1": {"input_token": 1110, "output_token": 0, "money_cost": 0.0013875, "gpt_time_cost": 123.73948907852173}, "gptq_marlin_24_gemm": {"execute_time": 211.016259431839}, "cutlass_scaled_sparse_mm": {"input_token": 942, "output_token": 0, "money_cost": 0.0011775, "gpt_time_cost": 216.1989390850067, "execute_time": 1.9550323486328125e-05}, "cutlass_scaled_mm": {"execute_time": 192.128511428833}, "aqlm_dequant": {"execute_time": 59.47889518737793}, "static_scaled_int8_quant": {"execute_time": 333.8714919090271}, "aqlm_gemm": {"execute_time": 288.8631625175476}, "paged_attention_v2": {"input_token": 1314, "output_token": 0, "money_cost": 0.0016425, "gpt_time_cost": 123.41067147254944}, "machete_mm": {"execute_time": 15.943325519561768}, "awq_dequantize": {"execute_time": 15.881256580352783}, "concat_and_cache_mla": {"input_token": 991, "output_token": 0, "money_cost": 0.00123875, "gpt_time_cost": 116.047199010849}, "gptq_marlin_gemm": {"input_token": 769, "output_token": 0, "money_cost": 0.0009612500000000001, "gpt_time_cost": 183.45537281036377, "execute_time": 14.790161371231079}, "marlin_gemm": {"execute_time": 14.319960594177246}, "cutlass_scaled_mm_supports_fp4": {"input_token": 686, "output_token": 0, "money_cost": 0.0008575000000000001, "gpt_time_cost": 167.3722972869873, "execute_time": 2.1457672119140625e-05}, "gelu_quick": {"input_token": 650, "output_token": 0, "money_cost": 0.0008125000000000001, "gpt_time_cost": 145.12578749656677, "execute_time": 22.63841462135315}, "dynamic_per_token_scaled_fp8_quant": {"execute_time": 16.422919511795044}, "dynamic_scaled_int8_quant": {"execute_time": 39.26686334609985}, "paged_attention": {"input_token": 797, "output_token": 0, "money_cost": 0.0009962500000000002, "gpt_time_cost": 91.26435708999634}, "gelu_new": {"execute_time": 58.85815215110779}, "cutlass_scaled_fp4_mm": {"input_token": 921, "output_token": 0, "money_cost": 0.0011512500000000001, "gpt_time_cost": 158.98902344703674, "execute_time": 0.26851725578308105}, "allspark_w8a16_gemm": {"input_token": 739, "output_token": 0, "money_cost": 0.00092375, "gpt_time_cost": 204.67004370689392, "execute_time": 1.8596649169921875e-05}, "static_scaled_fp8_quant": {"execute_time": 16.029119729995728}, "marlin_qqq_gemm": {"input_token": 789, "output_token": 0, "money_cost": 0.0009862500000000001, "gpt_time_cost": 182.8279266357422, "execute_time": 0.27071475982666016}, "reshape_and_cache": {"input_token": 712, "output_token": 0, "money_cost": 0.00089, "gpt_time_cost": 112.14153480529785}, "total": {"input_token": 11226, "output_token": 0, "money_cost": 0.014032500000000002, "time_cost": 3797.7630548477173}}