{"paged_attention": {"input_token": 704, "output_token": 0, "money_cost": 0.0008799999999999999, "gpt_time_cost": 211.77751898765564, "execute_time": 15.367614030838013}, "cutlass_scaled_mm_supports_block_fp8": {"execute_time": 29.255613803863525}, "dynamic_scaled_int8_quant": {"execute_time": 423.43746542930603}, "cutlass_scaled_mm_supports_fp8": {"execute_time": 28.14722990989685}, "aqlm_dequant": {"input_token": 666, "output_token": 0, "money_cost": 0.0008325, "gpt_time_cost": 207.07853603363037, "execute_time": 0.2123873233795166}, "convert_vertical_slash_indexes_mergehead": {"input_token": 1089, "output_token": 0, "money_cost": 0.00136125, "gpt_time_cost": 126.18166875839233}, "static_scaled_int8_quant": {"execute_time": 210.97975397109985}, "gather_cache": {"input_token": 756, "output_token": 0, "money_cost": 0.000945, "gpt_time_cost": 108.29234600067139}, "reshape_and_cache": {"input_token": 619, "output_token": 0, "money_cost": 0.00077375, "gpt_time_cost": 128.02713227272034}, "marlin_gemm": {"input_token": 659, "output_token": 0, "money_cost": 0.00082375, "gpt_time_cost": 185.31245017051697, "execute_time": 0.21598076820373535}, "machete_mm": {"input_token": 654, "output_token": 0, "money_cost": 0.0008175000000000001, "gpt_time_cost": 198.2924885749817}, "cutlass_scaled_mm": {"execute_time": 170.664546251297}, "awq_dequantize": {"input_token": 701, "output_token": 0, "money_cost": 0.00087625, "gpt_time_cost": 162.5185296535492, "execute_time": 2.688049554824829}, "gptq_marlin_24_gemm": {"input_token": 675, "output_token": 0, "money_cost": 0.0008437500000000001, "gpt_time_cost": 148.12429976463318, "execute_time": 2.4902515411376953}, "convert_vertical_slash_indexes": {"input_token": 1170, "output_token": 0, "money_cost": 0.0014625, "gpt_time_cost": 126.36340522766113}, "static_scaled_fp8_quant": {"execute_time": 68.75091791152954}, "scaled_fp4_quant": {"input_token": 713, "output_token": 0, "money_cost": 0.00089125, "gpt_time_cost": 188.53828048706055, "execute_time": 1.9788742065429688e-05}, "marlin_qqq_gemm": {"input_token": 696, "output_token": 0, "money_cost": 0.00087, "gpt_time_cost": 169.714369058609, "execute_time": 0.33727455139160156}, "paged_attention_v2": {"input_token": 1221, "output_token": 0, "money_cost": 0.00152625, "gpt_time_cost": 89.68742632865906}, "gptq_gemm": {"input_token": 618, "output_token": 0, "money_cost": 0.0007725, "gpt_time_cost": 218.81803131103516, "execute_time": 2.597604751586914}, "merge_attn_states": {"input_token": 847, "output_token": 0, "money_cost": 0.00105875, "gpt_time_cost": 139.13168263435364}, "dynamic_scaled_fp8_quant": {"execute_time": 70.72327446937561}, "awq_gemm": {"input_token": 736, "output_token": 0, "money_cost": 0.00092, "gpt_time_cost": 160.77389788627625, "execute_time": 3.5194332599639893}, "paged_attention_v1": {"input_token": 1017, "output_token": 0, "money_cost": 0.0012712499999999998, "gpt_time_cost": 92.23989176750183}, "cutlass_scaled_fp4_mm": {"input_token": 828, "output_token": 0, "money_cost": 0.001035, "gpt_time_cost": 198.1607415676117, "execute_time": 0.2212529182434082}, "gptq_marlin_gemm": {"input_token": 676, "output_token": 0, "money_cost": 0.000845, "gpt_time_cost": 259.02801394462585, "execute_time": 2.25862455368042}, "cutlass_scaled_sparse_mm": {"input_token": 849, "output_token": 0, "money_cost": 0.00106125, "gpt_time_cost": 148.54650735855103}, "concat_and_cache_mla": {"input_token": 898, "output_token": 0, "money_cost": 0.0011225, "gpt_time_cost": 138.51139569282532}, "dynamic_per_token_scaled_fp8_quant": {"execute_time": 124.80488777160645}, "aqlm_gemm": {"input_token": 742, "output_token": 0, "money_cost": 0.0009275, "gpt_time_cost": 205.02238631248474, "execute_time": 0.21760082244873047}, "allspark_w8a16_gemm": {"input_token": 646, "output_token": 0, "money_cost": 0.0008075000000000001, "gpt_time_cost": 151.99571990966797}, "cutlass_scaled_mm_supports_fp4": {"input_token": 593, "output_token": 0, "money_cost": 0.0007412499999999999, "gpt_time_cost": 142.45869970321655}, "total": {"input_token": 18773, "output_token": 0, "money_cost": 0.02346625, "time_cost": 5629.981968402863}}