{"vecquant8matmul_batched_faster_old": {"input_token": 129, "output_token": 0, "money_cost": 0.00016125000000000002, "gpt_time_cost": 151.6809709072113, "execute_time": 30.370969533920288}, "total": {"input_token": 0, "output_token": 0, "money_cost": 0.0, "time_cost": 211.30555415153503}}