{"vecquant8matmul_batched_faster_old": {"input_token": 114, "output_token": 0, "money_cost": 0.00014250000000000002, "gpt_time_cost": 137.95390105247498, "execute_time": 95.41578960418701}, "total": {"input_token": 0, "output_token": 0, "money_cost": 0.0, "time_cost": 468.67920184135437}}