{"aqlm_gemm": {"input_token": 1942, "output_token": 0, "money_cost": 0.0024275, "gpt_time_cost": 165.56881260871887, "execute_time": 39.135221004486084}, "sgl_moe_align_block_size": {"input_token": 2638, "output_token": 0, "money_cost": 0.0032975, "gpt_time_cost": 201.67395639419556, "execute_time": 0.5479381084442139}, "rotary_embedding": {"input_token": 1957, "output_token": 0, "money_cost": 0.00244625, "gpt_time_cost": 323.42248940467834, "execute_time": 39.30376887321472}, "gptq_marlin_24_gemm": {"input_token": 1875, "output_token": 0, "money_cost": 0.00234375, "gpt_time_cost": 327.33129930496216, "execute_time": 2.561229944229126}, "dynamic_scaled_fp8_quant": {"execute_time": 90.18975901603699}, "gelu_and_mul": {"input_token": 3287, "output_token": 0, "money_cost": 0.0041087499999999996, "gpt_time_cost": 217.3880100250244}, "paged_attention_v1": {"input_token": 2217, "output_token": 0, "money_cost": 0.0027712500000000003, "gpt_time_cost": 257.63205790519714, "execute_time": 47.216344356536865}, "dynamic_scaled_int8_quant": {"execute_time": 109.66926765441895}, "cutlass_fp4_group_mm": {"input_token": 2078, "output_token": 0, "money_cost": 0.0025975, "gpt_time_cost": 180.6800971031189}, "moe_wna16_gemm": {"input_token": 2541, "output_token": 0, "money_cost": 0.00317625, "gpt_time_cost": 295.8414840698242, "execute_time": 0.8273050785064697}, "cutlass_scaled_fp4_mm": {"execute_time": 20.230971574783325}, "gptq_marlin_gemm": {"input_token": 1876, "output_token": 0, "money_cost": 0.002345, "gpt_time_cost": 168.3151512145996, "execute_time": 0.6097831726074219}, "topk_softmax": {"input_token": 1785, "output_token": 0, "money_cost": 0.00223125, "gpt_time_cost": 119.69231629371643}, "reshape_and_cache": {"input_token": 1819, "output_token": 0, "money_cost": 0.00227375, "gpt_time_cost": 88.09916591644287}, "awq_dequantize": {"input_token": 1901, "output_token": 0, "money_cost": 0.00237625, "gpt_time_cost": 165.25667524337769, "execute_time": 0.4864976406097412}, "advance_step_flashattn": {"execute_time": 35.392173290252686}, "marlin_qqq_gemm": {"input_token": 1896, "output_token": 0, "money_cost": 0.00237, "gpt_time_cost": 179.20787835121155, "execute_time": 0.4990265369415283}, "static_scaled_int8_quant": {"input_token": 2005, "output_token": 0, "money_cost": 0.00250625, "gpt_time_cost": 183.29744744300842, "execute_time": 0.4902057647705078}, "allspark_w8a16_gemm": {"input_token": 1846, "output_token": 0, "money_cost": 0.0023075, "gpt_time_cost": 229.2038402557373, "execute_time": 0.5188634395599365}, "gptq_gemm": {"input_token": 1818, "output_token": 0, "money_cost": 0.0022725, "gpt_time_cost": 293.33124566078186, "execute_time": 0.5816614627838135}, "aqlm_dequant": {"input_token": 1866, "output_token": 0, "money_cost": 0.0023325000000000004, "gpt_time_cost": 189.71179342269897, "execute_time": 0.7731051445007324}, "awq_gemm": {"input_token": 1936, "output_token": 0, "money_cost": 0.00242, "gpt_time_cost": 254.12395191192627, "execute_time": 0.5510931015014648}, "batched_rotary_embedding": {"input_token": 1920, "output_token": 0, "money_cost": 0.0024, "gpt_time_cost": 301.39374136924744}, "convert_vertical_slash_indexes": {"input_token": 2370, "output_token": 0, "money_cost": 0.0029625000000000003, "gpt_time_cost": 250.5312044620514, "execute_time": 8.468859434127808}, "paged_attention": {"input_token": 1904, "output_token": 0, "money_cost": 0.0023799999999999997, "gpt_time_cost": 162.0416271686554, "execute_time": 33.861106872558594}, "marlin_gemm": {"input_token": 1859, "output_token": 0, "money_cost": 0.00232375, "gpt_time_cost": 201.35027956962585, "execute_time": 1.52587890625e-05}, "concat_and_cache_mla": {"input_token": 2098, "output_token": 0, "money_cost": 0.0026225, "gpt_time_cost": 121.24257683753967}, "paged_attention_v2": {"input_token": 2421, "output_token": 0, "money_cost": 0.00302625, "gpt_time_cost": 92.03552174568176}, "convert_vertical_slash_indexes_mergehead": {"input_token": 2289, "output_token": 0, "money_cost": 0.00286125, "gpt_time_cost": 199.6662561893463, "execute_time": 0.5822038650512695}, "swap_blocks": {"execute_time": 94.79136848449707}, "cutlass_scaled_sparse_mm": {"input_token": 2049, "output_token": 0, "money_cost": 0.00256125, "gpt_time_cost": 159.12090587615967, "execute_time": 0.5164275169372559}, "cutlass_moe_mm": {"input_token": 2962, "output_token": 0, "money_cost": 0.0037025000000000005, "gpt_time_cost": 161.19567608833313, "execute_time": 0.4965677261352539}, "dynamic_per_token_scaled_fp8_quant": {"execute_time": 94.83679103851318}, "total": {"input_token": 57155, "output_token": 0, "money_cost": 0.07144374999999999, "time_cost": 6925.634356021881}}