{"paged_attention_v2": {"input_token": 1026, "output_token": 0, "money_cost": 0.0012825, "gpt_time_cost": 174.55091953277588}, "cutlass_scaled_mm": {"execute_time": 20.407453060150146}, "merge_attn_states": {"input_token": 652, "output_token": 0, "money_cost": 0.0008150000000000001, "gpt_time_cost": 124.03635430335999}, "convert_vertical_slash_indexes": {"input_token": 975, "output_token": 0, "money_cost": 0.00121875, "gpt_time_cost": 252.11617636680603, "execute_time": 38.21301770210266}, "static_scaled_int8_quant": {"execute_time": 186.76897644996643}, "marlin_qqq_gemm": {"execute_time": 14.427542686462402}, "machete_mm": {"execute_time": 6.893138647079468}, "aqlm_dequant": {"execute_time": 8.064693450927734}, "allspark_w8a16_gemm": {"input_token": 451, "output_token": 0, "money_cost": 0.00056375, "gpt_time_cost": 229.58902263641357, "execute_time": 1.9073486328125e-05}, "batched_rotary_embedding": {"input_token": 525, "output_token": 0, "money_cost": 0.00065625, "gpt_time_cost": 138.30337715148926}, "dynamic_scaled_int8_quant": {"execute_time": 20.783794403076172}, "reshape_and_cache": {"input_token": 424, "output_token": 0, "money_cost": 0.00053, "gpt_time_cost": 198.0126383304596}, "concat_and_cache_mla": {"input_token": 703, "output_token": 0, "money_cost": 0.00087875, "gpt_time_cost": 145.57316184043884}, "cutlass_scaled_fp4_mm": {"execute_time": 4.9084320068359375}, "paged_attention": {"input_token": 509, "output_token": 0, "money_cost": 0.00063625, "gpt_time_cost": 149.9921417236328}, "gather_cache": {"input_token": 561, "output_token": 0, "money_cost": 0.00070125, "gpt_time_cost": 116.55755758285522}, "aqlm_gemm": {"execute_time": 6.435344219207764}, "marlin_gemm": {"execute_time": 6.107156991958618}, "dynamic_per_token_scaled_fp8_quant": {"execute_time": 10.068426132202148}, "convert_vertical_slash_indexes_mergehead": {"input_token": 894, "output_token": 0, "money_cost": 0.0011175, "gpt_time_cost": 107.36066555976868}, "awq_dequantize": {"execute_time": 7.852160453796387}, "awq_gemm": {"execute_time": 6.242815732955933}, "cutlass_scaled_mm_supports_fp4": {"execute_time": 4.344931364059448}, "cutlass_scaled_sparse_mm": {"execute_time": 7.015874147415161}, "paged_attention_v1": {"input_token": 822, "output_token": 0, "money_cost": 0.0010275, "gpt_time_cost": 129.36193251609802, "execute_time": 5.94268012046814}, "gptq_gemm": {"execute_time": 12.238130331039429}, "scaled_fp4_quant": {"execute_time": 4.6482977867126465}, "gptq_marlin_24_gemm": {"execute_time": 6.843602895736694}, "dynamic_scaled_fp8_quant": {"execute_time": 7.673186302185059}, "gptq_marlin_gemm": {"input_token": 481, "output_token": 0, "money_cost": 0.00060125, "gpt_time_cost": 149.12389469146729, "execute_time": 5.9973766803741455}, "static_scaled_fp8_quant": {"execute_time": 7.28649640083313}, "total": {"input_token": 8023, "output_token": 0, "money_cost": 0.01002875, "time_cost": 2492.007153749466}}