{"cutlass_scaled_mm": {"execute_time": 18.979413509368896}, "gelu_and_mul": {"input_token": 1985, "output_token": 0, "money_cost": 0.0024812500000000004, "gpt_time_cost": 145.688227891922, "execute_time": 46.199931144714355}, "reshape_and_cache": {"input_token": 517, "output_token": 0, "money_cost": 0.00064625, "gpt_time_cost": 113.68019413948059}, "gptq_gemm": {"input_token": 516, "output_token": 0, "money_cost": 0.0006450000000000001, "gpt_time_cost": 139.45764303207397, "execute_time": 9.805087089538574}, "moe_wna16_gemm": {"input_token": 1239, "output_token": 0, "money_cost": 0.0015487500000000002, "gpt_time_cost": 159.24625062942505, "execute_time": 0.4614381790161133}, "gptq_marlin_24_gemm": {"input_token": 573, "output_token": 0, "money_cost": 0.00071625, "gpt_time_cost": 167.97188520431519, "execute_time": 2.6570160388946533}, "dynamic_per_token_scaled_fp8_quant": {"execute_time": 13.542181730270386}, "scaled_fp4_quant": {"execute_time": 12.479782581329346}, "awq_dequantize": {"input_token": 599, "output_token": 0, "money_cost": 0.00074875, "gpt_time_cost": 221.36732959747314, "execute_time": 2.9382107257843018}, "cutlass_moe_mm": {"input_token": 1660, "output_token": 0, "money_cost": 0.002075, "gpt_time_cost": 128.36949062347412}, "allspark_w8a16_gemm": {"input_token": 544, "output_token": 0, "money_cost": 0.00068, "gpt_time_cost": 183.61936473846436}, "sgl_moe_align_block_size": {"input_token": 1336, "output_token": 0, "money_cost": 0.00167, "gpt_time_cost": 109.87149357795715, "execute_time": 11.168610095977783}, "dynamic_scaled_fp8_quant": {"execute_time": 15.521838665008545}, "paged_attention": {"input_token": 602, "output_token": 0, "money_cost": 0.0007525, "gpt_time_cost": 171.74792337417603, "execute_time": 11.451168298721313}, "cutlass_fp4_group_mm": {"input_token": 776, "output_token": 0, "money_cost": 0.00097, "gpt_time_cost": 172.14212799072266, "execute_time": 0.4624450206756592}, "cutlass_scaled_fp4_mm": {"execute_time": 11.341876983642578}, "aqlm_gemm": {"input_token": 640, "output_token": 0, "money_cost": 0.0008, "gpt_time_cost": 169.82205080986023, "execute_time": 2.5998666286468506}, "convert_vertical_slash_indexes": {"input_token": 1068, "output_token": 0, "money_cost": 0.001335, "gpt_time_cost": 202.32818341255188}, "aqlm_dequant": {"input_token": 564, "output_token": 0, "money_cost": 0.0007049999999999999, "gpt_time_cost": 178.0382695198059, "execute_time": 0.4467461109161377}, "machete_mm": {"execute_time": 16.67170000076294}, "paged_attention_v1": {"input_token": 915, "output_token": 0, "money_cost": 0.00114375, "gpt_time_cost": 173.309832572937, "execute_time": 12.72605562210083}, "dynamic_scaled_int8_quant": {"execute_time": 21.648467302322388}, "marlin_gemm": {"input_token": 557, "output_token": 0, "money_cost": 0.00069625, "gpt_time_cost": 198.281893491745, "execute_time": 2.979139804840088}, "scaled_fp4_experts_quant": {"input_token": 1595, "output_token": 0, "money_cost": 0.00199375, "gpt_time_cost": 139.58947801589966}, "moe_wna16_marlin_gemm": {"execute_time": 18.675153255462646}, "cutlass_scaled_mm_supports_block_fp8": {"execute_time": 20.307820796966553}, "marlin_qqq_gemm": {"input_token": 594, "output_token": 0, "money_cost": 0.0007425, "gpt_time_cost": 173.3946452140808, "execute_time": 2.193450927734375e-05}, "gather_cache": {"input_token": 654, "output_token": 0, "money_cost": 0.0008175000000000001, "gpt_time_cost": 97.61630773544312}, "static_scaled_fp8_quant": {"execute_time": 22.172489881515503}, "cutlass_scaled_sparse_mm": {"input_token": 747, "output_token": 0, "money_cost": 0.00093375, "gpt_time_cost": 228.077862739563, "execute_time": 3.218650817871094e-05}, "paged_attention_v2": {"input_token": 1119, "output_token": 0, "money_cost": 0.00139875, "gpt_time_cost": 122.46160316467285}, "convert_vertical_slash_indexes_mergehead": {"input_token": 987, "output_token": 0, "money_cost": 0.00123375, "gpt_time_cost": 147.81973505020142}, "merge_attn_states": {"input_token": 745, "output_token": 0, "money_cost": 0.00093125, "gpt_time_cost": 117.6433835029602}, "concat_and_cache_mla": {"input_token": 796, "output_token": 0, "money_cost": 0.000995, "gpt_time_cost": 133.99962782859802}, "awq_gemm": {"input_token": 634, "output_token": 0, "money_cost": 0.0007925, "gpt_time_cost": 109.72841191291809}, "batched_rotary_embedding": {"input_token": 618, "output_token": 0, "money_cost": 0.0007725, "gpt_time_cost": 190.74744272232056, "execute_time": 0.506638765335083}, "cutlass_scaled_mm_supports_fp8": {"execute_time": 26.953404664993286}, "static_scaled_int8_quant": {"input_token": 703, "output_token": 0, "money_cost": 0.00087875, "gpt_time_cost": 160.26028871536255, "execute_time": 3.093308925628662}, "gptq_marlin_gemm": {"input_token": 574, "output_token": 0, "money_cost": 0.0007174999999999999, "gpt_time_cost": 152.57450008392334, "execute_time": 31.642645359039307}, "get_cutlass_moe_mm_data": {"input_token": 1478, "output_token": 0, "money_cost": 0.0018475, "gpt_time_cost": 92.27741694450378}, "cutlass_scaled_mm_supports_fp4": {"execute_time": 19.986467361450195}, "total": {"input_token": 25335, "output_token": 0, "money_cost": 0.031668749999999996, "time_cost": 5255.414757013321}}