{"marlin_gemm": {"execute_time": 15.505522966384888}, "convert_vertical_slash_indexes": {"input_token": 1157, "output_token": 0, "money_cost": 0.00144625, "gpt_time_cost": 440.83034324645996, "execute_time": 14.156649351119995}, "concat_and_cache_mla": {"input_token": 885, "output_token": 0, "money_cost": 0.00110625, "gpt_time_cost": 75.32856917381287}, "gptq_gemm": {"execute_time": 16.19956374168396}, "cutlass_scaled_mm_supports_fp8": {"execute_time": 20.874718189239502}, "dynamic_per_token_scaled_fp8_quant": {"execute_time": 26.864298105239868}, "aqlm_dequant": {"execute_time": 33.84803366661072}, "awq_gemm": {"execute_time": 15.371572494506836}, "merge_attn_states": {"input_token": 834, "output_token": 0, "money_cost": 0.0010425, "gpt_time_cost": 94.78208494186401}, "allspark_w8a16_gemm": {"input_token": 633, "output_token": 0, "money_cost": 0.0007912500000000001, "gpt_time_cost": 201.8121063709259, "execute_time": 112.85023617744446}, "paged_attention_v2": {"input_token": 1208, "output_token": 0, "money_cost": 0.00151, "gpt_time_cost": 165.39109015464783}, "paged_attention": {"input_token": 691, "output_token": 0, "money_cost": 0.0008637499999999999, "gpt_time_cost": 111.96818232536316, "execute_time": 3.3783600330352783}, "cutlass_scaled_fp4_mm": {"execute_time": 5.657074213027954}, "dynamic_scaled_int8_quant": {"execute_time": 85.45872688293457}, "static_scaled_fp8_quant": {"execute_time": 20.112978219985962}, "scaled_fp4_quant": {"execute_time": 4.805219411849976}, "cutlass_scaled_sparse_mm": {"execute_time": 16.16333246231079}, "convert_vertical_slash_indexes_mergehead": {"input_token": 1076, "output_token": 0, "money_cost": 0.001345, "gpt_time_cost": 154.51538157463074}, "cutlass_scaled_mm_supports_fp4": {"execute_time": 6.066422700881958}, "cutlass_scaled_mm_supports_block_fp8": {"execute_time": 20.618757009506226}, "reshape_and_cache": {"input_token": 606, "output_token": 0, "money_cost": 0.0007575, "gpt_time_cost": 126.68356704711914}, "gelu_fast": {"input_token": 544, "output_token": 0, "money_cost": 0.00068, "gpt_time_cost": 194.84748697280884, "execute_time": 34.128735065460205}, "gather_cache": {"input_token": 743, "output_token": 0, "money_cost": 0.00092875, "gpt_time_cost": 125.64871978759766}, "paged_attention_v1": {"input_token": 1004, "output_token": 0, "money_cost": 0.001255, "gpt_time_cost": 119.33734226226807, "execute_time": 11.79563045501709}, "marlin_qqq_gemm": {"execute_time": 62.51433730125427}, "aqlm_gemm": {"execute_time": 15.950664520263672}, "gptq_marlin_24_gemm": {"execute_time": 12.411274671554565}, "awq_dequantize": {"execute_time": 31.146867513656616}, "gptq_marlin_gemm": {"input_token": 663, "output_token": 0, "money_cost": 0.0008287500000000001, "gpt_time_cost": 193.21681880950928, "execute_time": 17.836299657821655}, "cutlass_scaled_mm": {"execute_time": 147.37828636169434}, "gelu_new": {"input_token": 544, "output_token": 0, "money_cost": 0.00068, "gpt_time_cost": 163.21819829940796, "execute_time": 13.327165126800537}, "gelu_quick": {"input_token": 544, "output_token": 0, "money_cost": 0.00068, "gpt_time_cost": 163.0894582271576, "execute_time": 13.254613161087036}, "dynamic_scaled_fp8_quant": {"execute_time": 21.17112112045288}, "static_scaled_int8_quant": {"execute_time": 96.89205050468445}, "total": {"input_token": 11132, "output_token": 0, "money_cost": 0.013915, "time_cost": 3662.7657837867737}}