{"vecquant8matmul_batched_faster_old": {"input_token": 102, "output_token": 0, "money_cost": 0.00012749999999999998, "gpt_time_cost": 156.59718871116638, "execute_time": 21.991888761520386}, "total": {"input_token": 0, "output_token": 0, "money_cost": 0.0, "time_cost": 196.12149357795715}}