{"advance_step_flashattn": {"execute_time": 84.99558520317078}, "static_scaled_int8_quant": {"execute_time": 539.2732546329498}, "aqlm_gemm": {"execute_time": 104.87113904953003}, "allspark_w8a16_gemm": {"input_token": 1014, "output_token": 0, "money_cost": 0.0012675, "gpt_time_cost": 202.86593079566956, "execute_time": 2.6541404724121094}, "gptq_gemm": {"input_token": 986, "output_token": 0, "money_cost": 0.0012325, "gpt_time_cost": 167.36697459220886, "execute_time": 102.71009540557861}, "gptq_marlin_24_gemm": {"input_token": 1043, "output_token": 0, "money_cost": 0.00130375, "gpt_time_cost": 148.7916133403778, "execute_time": 0.4790337085723877}, "dynamic_scaled_fp8_quant": {"execute_time": 54.474048137664795}, "marlin_gemm": {"input_token": 1027, "output_token": 0, "money_cost": 0.00128375, "gpt_time_cost": 226.92466926574707, "execute_time": 0.5938246250152588}, "cutlass_scaled_mm_supports_fp4": {"input_token": 961, "output_token": 0, "money_cost": 0.00120125, "gpt_time_cost": 136.6238260269165}, "awq_dequantize": {"execute_time": 105.47529458999634}, "dynamic_scaled_int8_quant": {"execute_time": 540.7377943992615}, "static_scaled_fp8_quant": {"execute_time": 60.77047109603882}, "marlin_qqq_gemm": {"input_token": 1064, "output_token": 0, "money_cost": 0.00133, "gpt_time_cost": 156.84409523010254, "execute_time": 0.4665367603302002}, "cutlass_scaled_fp4_mm": {"input_token": 1196, "output_token": 0, "money_cost": 0.001495, "gpt_time_cost": 118.5872552394867}, "swap_blocks": {"execute_time": 94.39768052101135}, "machete_mm": {"input_token": 1022, "output_token": 0, "money_cost": 0.0012775, "gpt_time_cost": 284.6761260032654}, "gptq_marlin_gemm": {"input_token": 1044, "output_token": 0, "money_cost": 0.0013050000000000002, "gpt_time_cost": 222.68460321426392, "execute_time": 3.2189173698425293}, "cutlass_scaled_sparse_mm": {"execute_time": 50.1853985786438}, "dynamic_per_token_scaled_fp8_quant": {"execute_time": 76.52995467185974}, "scaled_fp4_quant": {"input_token": 1081, "output_token": 0, "money_cost": 0.00135125, "gpt_time_cost": 229.3435401916504, "execute_time": 0.6148571968078613}, "total": {"input_token": 10438, "output_token": 0, "money_cost": 0.013047500000000002, "time_cost": 3843.5896129608154}}