{"swap_blocks": {"execute_time": 161.60032892227173}, "cutlass_scaled_mm_supports_block_fp8": {"execute_time": 441.8140335083008}, "cutlass_scaled_mm_supports_fp8": {"execute_time": 369.14305877685547}, "advance_step_flashattn": {"execute_time": 176.67950534820557}, "cutlass_scaled_mm_supports_fp4": {"execute_time": 91.58001589775085}, "total": {"input_token": 0, "output_token": 0, "money_cost": 0.0, "time_cost": 2138.5374240875244}}