{"vecquant8matmul_batched_faster_old": {"input_token": 119, "output_token": 0, "money_cost": 0.00014874999999999998, "gpt_time_cost": 165.70481634140015, "execute_time": 6.89945387840271}, "total": {"input_token": 0, "output_token": 0, "money_cost": 0.0, "time_cost": 178.8629641532898}}