{"vecquant8matmul_batched_faster_old": {"input_token": 116, "output_token": 0, "money_cost": 0.000145, "gpt_time_cost": 156.07767367362976, "execute_time": 108.61535048484802}, "vecquant8matmul_batched_column_compression_faster_old": {"input_token": 119, "output_token": 0, "money_cost": 0.00014874999999999998, "gpt_time_cost": 185.2743649482727, "execute_time": 181.17242527008057}, "total": {"input_token": 0, "output_token": 0, "money_cost": 0.0, "time_cost": 737.5900223255157}}