{"marlin_qqq_gemm": {"input_token": 581, "output_token": 0, "money_cost": 0.00072625, "gpt_time_cost": 146.9087233543396, "execute_time": 0.233384370803833}, "gptq_marlin_24_gemm": {"execute_time": 84.63253092765808}, "marlin_gemm": {"execute_time": 92.48866319656372}, "gptq_gemm": {"execute_time": 91.83559465408325}, "static_scaled_fp8_quant": {"execute_time": 55.13530969619751}, "dynamic_per_token_scaled_fp8_quant": {"input_token": 849, "output_token": 0, "money_cost": 0.00106125, "gpt_time_cost": 176.75032806396484, "execute_time": 58.19250154495239}, "dynamic_scaled_int8_quant": {"execute_time": 884.438796043396}, "cutlass_scaled_mm": {"execute_time": 988.81192445755}, "static_scaled_int8_quant": {"execute_time": 702.6688151359558}, "awq_dequantize": {"execute_time": 99.39866065979004}, "cutlass_scaled_sparse_mm": {"input_token": 734, "output_token": 0, "money_cost": 0.0009175, "gpt_time_cost": 113.89002680778503}, "reshape_and_cache": {"input_token": 504, "output_token": 0, "money_cost": 0.00063, "gpt_time_cost": 147.762145280838, "execute_time": 40.591827392578125}, "scaled_fp4_quant": {"execute_time": 12.012808561325073}, "gptq_marlin_gemm": {"input_token": 561, "output_token": 0, "money_cost": 0.00070125, "gpt_time_cost": 160.55575895309448, "execute_time": 84.36455702781677}, "swap_blocks": {"execute_time": 50.48029589653015}, "awq_gemm": {"execute_time": 98.12415313720703}, "paged_attention_v2": {"input_token": 1106, "output_token": 0, "money_cost": 0.0013825, "gpt_time_cost": 129.94914436340332, "execute_time": 73.83773827552795}, "gather_cache": {"input_token": 641, "output_token": 0, "money_cost": 0.00080125, "gpt_time_cost": 126.00146651268005}, "merge_attn_states": {"input_token": 732, "output_token": 0, "money_cost": 0.000915, "gpt_time_cost": 111.43457531929016, "execute_time": 68.66319680213928}, "convert_vertical_slash_indexes_mergehead": {"input_token": 974, "output_token": 0, "money_cost": 0.0012175, "gpt_time_cost": 240.37989258766174}, "cutlass_scaled_mm_supports_fp4": {"execute_time": 11.378003358840942}, "aqlm_dequant": {"execute_time": 108.53351521492004}, "cutlass_scaled_fp4_mm": {"execute_time": 12.900715589523315}, "batched_rotary_embedding": {"input_token": 605, "output_token": 0, "money_cost": 0.00075625, "gpt_time_cost": 210.8646228313446}, "paged_attention_v1": {"input_token": 902, "output_token": 0, "money_cost": 0.0011275, "gpt_time_cost": 139.30957651138306, "execute_time": 38.858285427093506}, "allspark_w8a16_gemm": {"input_token": 531, "output_token": 0, "money_cost": 0.0006637500000000001, "gpt_time_cost": 192.54296255111694, "execute_time": 212.32372546195984}, "paged_attention": {"input_token": 589, "output_token": 0, "money_cost": 0.0007362499999999999, "gpt_time_cost": 123.59370350837708}, "aqlm_gemm": {"execute_time": 91.9699399471283}, "total": {"input_token": 9309, "output_token": 0, "money_cost": 0.01163625, "time_cost": 6897.970597028732}}