{"cutlass_scaled_mm_supports_fp4": {"execute_time": 25.71038293838501}, "advance_step_flashattn": {"execute_time": 123.26219725608826}, "swap_blocks": {"execute_time": 109.25356674194336}, "total": {"input_token": 0, "output_token": 0, "money_cost": 0.0, "time_cost": 515.2284815311432}}