{"vecquant8matmul_batched_faster_old": {"input_token": 116, "output_token": 0, "money_cost": 0.000145, "gpt_time_cost": 196.10138487815857, "execute_time": 245.84859943389893}, "total": {"input_token": 0, "output_token": 0, "money_cost": 0.0, "time_cost": 705.646014213562}}