{"vecquant8matmul_batched_column_compression_faster_old": {"input_token": 113, "output_token": 0, "money_cost": 0.00014125000000000002, "gpt_time_cost": 147.30718564987183, "execute_time": 25.078245878219604}, "total": {"input_token": 0, "output_token": 0, "money_cost": 0.0, "time_cost": 194.43428087234497}}