{"vecquant8matmul_batched_faster_old": {"input_token": 117, "output_token": 0, "money_cost": 0.00014625, "gpt_time_cost": 197.4251308441162, "execute_time": 38.34991192817688}, "total": {"input_token": 0, "output_token": 0, "money_cost": 0.0, "time_cost": 265.6921019554138}}