{"vecquant8matmul_batched_faster_old": {"input_token": 135, "output_token": 0, "money_cost": 0.00016875, "gpt_time_cost": 191.47788262367249, "execute_time": 38.13825058937073}, "total": {"input_token": 0, "output_token": 0, "money_cost": 0.0, "time_cost": 260.5144364833832}}