{"vecquant8matmul_batched_faster_old": {"input_token": 104, "output_token": 0, "money_cost": 0.00013, "gpt_time_cost": 151.10153484344482, "execute_time": 20.02865695953369}, "total": {"input_token": 0, "output_token": 0, "money_cost": 0.0, "time_cost": 188.13035106658936}}