{"vecquant8matmul_batched_faster_old": {"input_token": 106, "output_token": 0, "money_cost": 0.0001325, "gpt_time_cost": 147.11029696464539, "execute_time": 39.14481997489929}, "total": {"input_token": 0, "output_token": 0, "money_cost": 0.0, "time_cost": 218.1924352645874}}