{"vecquant8matmul_batched_faster_old": {"input_token": 119, "output_token": 0, "money_cost": 0.00014874999999999998, "gpt_time_cost": 172.3969087600708, "execute_time": 6.952775955200195}, "total": {"input_token": 0, "output_token": 0, "money_cost": 0.0, "time_cost": 185.23398518562317}}