{"cutlass_scaled_mm": {"execute_time": 89.52417707443237}, "gelu_and_mul": {"input_token": 1975, "output_token": 0, "money_cost": 0.00246875, "gpt_time_cost": 125.48889899253845, "execute_time": 3.0106048583984375}, "reshape_and_cache": {"input_token": 507, "output_token": 0, "money_cost": 0.00063375, "gpt_time_cost": 132.57456254959106}, "gptq_gemm": {"input_token": 506, "output_token": 0, "money_cost": 0.0006325, "gpt_time_cost": 183.00300121307373, "execute_time": 2.7378652095794678}, "moe_wna16_gemm": {"input_token": 1229, "output_token": 0, "money_cost": 0.00153625, "gpt_time_cost": 170.4635398387909, "execute_time": 0.2996368408203125}, "gptq_marlin_24_gemm": {"input_token": 563, "output_token": 0, "money_cost": 0.00070375, "gpt_time_cost": 192.45492458343506, "execute_time": 3.200277328491211}, "dynamic_per_token_scaled_fp8_quant": {"execute_time": 141.48902773857117}, "scaled_fp4_quant": {"execute_time": 30.38150453567505}, "awq_dequantize": {"input_token": 589, "output_token": 0, "money_cost": 0.0007362499999999999, "gpt_time_cost": 159.25037908554077, "execute_time": 2.292490243911743}, "cutlass_moe_mm": {"input_token": 1650, "output_token": 0, "money_cost": 0.0020625, "gpt_time_cost": 163.46690940856934, "execute_time": 44.5910382270813}, "allspark_w8a16_gemm": {"input_token": 534, "output_token": 0, "money_cost": 0.0006675, "gpt_time_cost": 151.50725722312927}, "sgl_moe_align_block_size": {"execute_time": 69.1281316280365}, "dynamic_scaled_fp8_quant": {"execute_time": 56.72938823699951}, "paged_attention": {"input_token": 592, "output_token": 0, "money_cost": 0.00074, "gpt_time_cost": 94.69240069389343}, "cutlass_fp4_group_mm": {"input_token": 766, "output_token": 0, "money_cost": 0.0009575, "gpt_time_cost": 183.15552186965942, "execute_time": 2.574920654296875e-05}, "cutlass_scaled_fp4_mm": {"execute_time": 22.412047147750854}, "aqlm_gemm": {"input_token": 630, "output_token": 0, "money_cost": 0.0007875, "gpt_time_cost": 189.13419818878174, "execute_time": 2.275381326675415}, "convert_vertical_slash_indexes": {"input_token": 1058, "output_token": 0, "money_cost": 0.0013225, "gpt_time_cost": 125.42587947845459}, "aqlm_dequant": {"input_token": 554, "output_token": 0, "money_cost": 0.0006925000000000001, "gpt_time_cost": 186.3419086933136, "execute_time": 2.371363639831543}, "machete_mm": {"execute_time": 28.773314476013184}, "paged_attention_v1": {"input_token": 905, "output_token": 0, "money_cost": 0.00113125, "gpt_time_cost": 127.0746386051178, "execute_time": 16.277571439743042}, "dynamic_scaled_int8_quant": {"execute_time": 35.416056871414185}, "marlin_gemm": {"input_token": 547, "output_token": 0, "money_cost": 0.0006837500000000001, "gpt_time_cost": 169.89023637771606, "execute_time": 2.7545318603515625}, "scaled_fp4_experts_quant": {"input_token": 1585, "output_token": 0, "money_cost": 0.00198125, "gpt_time_cost": 162.18665885925293, "execute_time": 0.3177924156188965}, "moe_wna16_marlin_gemm": {"execute_time": 28.906004667282104}, "marlin_qqq_gemm": {"input_token": 584, "output_token": 0, "money_cost": 0.00073, "gpt_time_cost": 182.45290756225586, "execute_time": 0.2801685333251953}, "gather_cache": {"input_token": 644, "output_token": 0, "money_cost": 0.000805, "gpt_time_cost": 102.08037519454956}, "cutlass_scaled_sparse_mm": {"input_token": 737, "output_token": 0, "money_cost": 0.00092125, "gpt_time_cost": 137.461501121521}, "paged_attention_v2": {"input_token": 1109, "output_token": 0, "money_cost": 0.0013862500000000001, "gpt_time_cost": 132.24913549423218, "execute_time": 33.92061758041382}, "convert_vertical_slash_indexes_mergehead": {"input_token": 977, "output_token": 0, "money_cost": 0.00122125, "gpt_time_cost": 141.66600704193115}, "concat_and_cache_mla": {"input_token": 786, "output_token": 0, "money_cost": 0.0009825, "gpt_time_cost": 173.74571657180786}, "merge_attn_states": {"input_token": 735, "output_token": 0, "money_cost": 0.00091875, "gpt_time_cost": 102.57154297828674}, "awq_gemm": {"input_token": 624, "output_token": 0, "money_cost": 0.00078, "gpt_time_cost": 171.32316279411316, "execute_time": 2.8914947509765625}, "batched_rotary_embedding": {"input_token": 608, "output_token": 0, "money_cost": 0.00076, "gpt_time_cost": 164.55680346488953}, "static_scaled_int8_quant": {"input_token": 693, "output_token": 0, "money_cost": 0.0008662499999999999, "gpt_time_cost": 174.82948899269104, "execute_time": 1.811981201171875e-05}, "gptq_marlin_gemm": {"input_token": 564, "output_token": 0, "money_cost": 0.0007049999999999999, "gpt_time_cost": 237.00516200065613, "execute_time": 2.2172927856445312e-05}, "get_cutlass_moe_mm_data": {"input_token": 1468, "output_token": 0, "money_cost": 0.001835, "gpt_time_cost": 180.30063724517822, "execute_time": 0.40807008743286133}, "cutlass_scaled_mm_supports_fp4": {"execute_time": 19.84680962562561}, "total": {"input_token": 23719, "output_token": 0, "money_cost": 0.029648749999999998, "time_cost": 5513.787405967712}}