{"paged_attention": {"input_token": 585, "output_token": 0, "money_cost": 0.00073125, "gpt_time_cost": 216.4668309688568, "execute_time": 79.35523247718811}, "cutlass_scaled_mm_supports_block_fp8": {"execute_time": 97.49490690231323}, "dynamic_scaled_int8_quant": {"execute_time": 402.651162147522}, "cutlass_scaled_mm_supports_fp8": {"execute_time": 85.2946047782898}, "batched_rotary_embedding": {"input_token": 601, "output_token": 0, "money_cost": 0.00075125, "gpt_time_cost": 156.67521452903748}, "aqlm_dequant": {"execute_time": 399.24089646339417}, "convert_vertical_slash_indexes_mergehead": {"input_token": 970, "output_token": 0, "money_cost": 0.0012125, "gpt_time_cost": 356.11340403556824, "execute_time": 13.775984048843384}, "static_scaled_int8_quant": {"execute_time": 167.3725461959839}, "gather_cache": {"input_token": 637, "output_token": 0, "money_cost": 0.0007962500000000001, "gpt_time_cost": 130.57386589050293}, "reshape_and_cache": {"input_token": 500, "output_token": 0, "money_cost": 0.000625, "gpt_time_cost": 106.00884580612183}, "marlin_gemm": {"execute_time": 17.31290555000305}, "machete_mm": {"execute_time": 17.359866857528687}, "cutlass_scaled_mm": {"execute_time": 64.5662534236908}, "awq_dequantize": {"execute_time": 20.179720163345337}, "gptq_marlin_24_gemm": {"execute_time": 20.029907703399658}, "convert_vertical_slash_indexes": {"input_token": 1051, "output_token": 0, "money_cost": 0.00131375, "gpt_time_cost": 244.56619596481323, "execute_time": 24.697470664978027}, "static_scaled_fp8_quant": {"execute_time": 38.81615447998047}, "scaled_fp4_quant": {"execute_time": 11.005927562713623}, "marlin_qqq_gemm": {"input_token": 577, "output_token": 0, "money_cost": 0.00072125, "gpt_time_cost": 148.185537815094, "execute_time": 0.20999956130981445}, "paged_attention_v2": {"input_token": 1102, "output_token": 0, "money_cost": 0.0013775, "gpt_time_cost": 164.27032208442688}, "gptq_gemm": {"execute_time": 50.896095275878906}, "swap_blocks": {"execute_time": 128.21824502944946}, "merge_attn_states": {"input_token": 728, "output_token": 0, "money_cost": 0.00091, "gpt_time_cost": 93.29305362701416}, "dynamic_scaled_fp8_quant": {"execute_time": 196.0451741218567}, "awq_gemm": {"execute_time": 382.4859390258789}, "paged_attention_v1": {"input_token": 898, "output_token": 0, "money_cost": 0.0011225, "gpt_time_cost": 128.79927849769592}, "cutlass_scaled_fp4_mm": {"execute_time": 10.967870473861694}, "gptq_marlin_gemm": {"input_token": 557, "output_token": 0, "money_cost": 0.00069625, "gpt_time_cost": 130.75108218193054, "execute_time": 17.91537070274353}, "cutlass_scaled_sparse_mm": {"execute_time": 11.895360946655273}, "concat_and_cache_mla": {"input_token": 779, "output_token": 0, "money_cost": 0.00097375, "gpt_time_cost": 201.40673851966858, "execute_time": 23.298378944396973}, "dynamic_per_token_scaled_fp8_quant": {"execute_time": 469.74390864372253}, "aqlm_gemm": {"execute_time": 486.2247347831726}, "allspark_w8a16_gemm": {"input_token": 527, "output_token": 0, "money_cost": 0.00065875, "gpt_time_cost": 178.42517471313477, "execute_time": 1.811981201171875e-05}, "advance_step_flashattn": {"execute_time": 13.303958415985107}, "cutlass_scaled_mm_supports_fp4": {"execute_time": 8.78451943397522}, "total": {"input_token": 9512, "output_token": 0, "money_cost": 0.011890000000000001, "time_cost": 6153.065114974976}}