{"marlin_qqq_gemm": {"input_token": 549, "output_token": 0, "money_cost": 0.0006862500000000001, "gpt_time_cost": 190.4943253993988, "execute_time": 0.3380427360534668}, "gptq_marlin_24_gemm": {"input_token": 528, "output_token": 0, "money_cost": 0.00066, "gpt_time_cost": 134.35014176368713, "execute_time": 2.6508822441101074}, "marlin_gemm": {"input_token": 512, "output_token": 0, "money_cost": 0.00064, "gpt_time_cost": 138.22046566009521, "execute_time": 2.5829885005950928}, "gptq_gemm": {"input_token": 471, "output_token": 0, "money_cost": 0.00058875, "gpt_time_cost": 245.83201789855957, "execute_time": 2.707402229309082}, "static_scaled_fp8_quant": {"execute_time": 325.8320243358612}, "dynamic_per_token_scaled_fp8_quant": {"input_token": 817, "output_token": 0, "money_cost": 0.00102125, "gpt_time_cost": 123.51153421401978, "execute_time": 116.25668096542358}, "dynamic_scaled_int8_quant": {"input_token": 747, "output_token": 0, "money_cost": 0.00093375, "gpt_time_cost": 304.9544003009796, "execute_time": 27.83267116546631}, "cutlass_scaled_mm": {"input_token": 462, "output_token": 0, "money_cost": 0.0005775, "gpt_time_cost": 185.17356038093567, "execute_time": 3.0941171646118164}, "static_scaled_int8_quant": {"input_token": 658, "output_token": 0, "money_cost": 0.0008225000000000001, "gpt_time_cost": 166.64437079429626, "execute_time": 1.5735626220703125e-05}, "moe_wna16_gemm": {"input_token": 1194, "output_token": 0, "money_cost": 0.0014925, "gpt_time_cost": 166.53854632377625, "execute_time": 0.3189866542816162}, "awq_dequantize": {"input_token": 554, "output_token": 0, "money_cost": 0.0006925000000000001, "gpt_time_cost": 98.98944640159607, "execute_time": 2.745785713195801}, "get_cutlass_moe_mm_data": {"input_token": 1433, "output_token": 0, "money_cost": 0.00179125, "gpt_time_cost": 123.6095039844513, "execute_time": 2.6464462280273438e-05}, "sgl_moe_align_block_size": {"input_token": 1291, "output_token": 0, "money_cost": 0.00161375, "gpt_time_cost": 174.065931558609, "execute_time": 3.027569532394409}, "cutlass_scaled_sparse_mm": {"input_token": 702, "output_token": 0, "money_cost": 0.0008774999999999999, "gpt_time_cost": 78.32402229309082}, "cutlass_fp4_group_mm": {"input_token": 731, "output_token": 0, "money_cost": 0.00091375, "gpt_time_cost": 152.41364884376526, "execute_time": 1.9073486328125e-05}, "reshape_and_cache": {"input_token": 472, "output_token": 0, "money_cost": 0.00059, "gpt_time_cost": 110.27380609512329, "execute_time": 125.58553528785706}, "scaled_fp4_quant": {"input_token": 566, "output_token": 0, "money_cost": 0.0007074999999999999, "gpt_time_cost": 172.08984231948853, "execute_time": 0.3211793899536133}, "gptq_marlin_gemm": {"input_token": 529, "output_token": 0, "money_cost": 0.00066125, "gpt_time_cost": 121.16201329231262, "execute_time": 9.664284467697144}, "swap_blocks": {"execute_time": 106.45858454704285}, "awq_gemm": {"input_token": 589, "output_token": 0, "money_cost": 0.0007362499999999999, "gpt_time_cost": 81.45391392707825}, "paged_attention_v2": {"input_token": 1074, "output_token": 0, "money_cost": 0.0013425000000000002, "gpt_time_cost": 137.99651193618774, "execute_time": 143.60784459114075}, "scaled_fp4_experts_quant": {"input_token": 1550, "output_token": 0, "money_cost": 0.0019375000000000002, "gpt_time_cost": 197.0908808708191, "execute_time": 0.29242730140686035}, "gather_cache": {"input_token": 609, "output_token": 0, "money_cost": 0.00076125, "gpt_time_cost": 126.60103440284729}, "merge_attn_states": {"input_token": 700, "output_token": 0, "money_cost": 0.0008749999999999999, "gpt_time_cost": 81.72821927070618, "execute_time": 118.49820041656494}, "convert_vertical_slash_indexes_mergehead": {"input_token": 942, "output_token": 0, "money_cost": 0.0011775, "gpt_time_cost": 179.92709136009216}, "cutlass_moe_mm": {"input_token": 1615, "output_token": 0, "money_cost": 0.00201875, "gpt_time_cost": 209.81287956237793, "execute_time": 28.261565446853638}, "cutlass_scaled_mm_supports_fp8": {"input_token": 447, "output_token": 0, "money_cost": 0.00055875, "gpt_time_cost": 82.26010155677795}, "cutlass_scaled_mm_supports_fp4": {"input_token": 446, "output_token": 0, "money_cost": 0.0005575, "gpt_time_cost": 181.60520887374878}, "cutlass_scaled_mm_supports_block_fp8": {"input_token": 450, "output_token": 0, "money_cost": 0.0005625000000000001, "gpt_time_cost": 198.4101254940033, "execute_time": 3.1425375938415527}, "aqlm_dequant": {"input_token": 519, "output_token": 0, "money_cost": 0.00064875, "gpt_time_cost": 144.81209921836853, "execute_time": 0.2343127727508545}, "gelu_and_mul": {"input_token": 1940, "output_token": 0, "money_cost": 0.002425, "gpt_time_cost": 109.35868120193481, "execute_time": 27.961164951324463}, "cutlass_scaled_fp4_mm": {"input_token": 681, "output_token": 0, "money_cost": 0.0008512500000000001, "gpt_time_cost": 142.3943738937378}, "dynamic_scaled_fp8_quant": {"execute_time": 318.52529859542847}, "batched_rotary_embedding": {"input_token": 573, "output_token": 0, "money_cost": 0.00071625, "gpt_time_cost": 180.75101327896118}, "paged_attention_v1": {"input_token": 870, "output_token": 0, "money_cost": 0.0010875, "gpt_time_cost": 217.83186960220337, "execute_time": 27.182883501052856}, "allspark_w8a16_gemm": {"input_token": 499, "output_token": 0, "money_cost": 0.0006237500000000001, "gpt_time_cost": 250.11866760253906, "execute_time": 1.2636184692382812e-05}, "paged_attention": {"input_token": 557, "output_token": 0, "money_cost": 0.00069625, "gpt_time_cost": 150.35886764526367}, "aqlm_gemm": {"input_token": 595, "output_token": 0, "money_cost": 0.0007437499999999999, "gpt_time_cost": 170.85714077949524, "execute_time": 8.78184461593628}, "total": {"input_token": 26872, "output_token": 0, "money_cost": 0.03359000000000001, "time_cost": 9556.960373401642}}