{"static_scaled_fp8_quant": {"execute_time": 61.295183181762695}, "scaled_fp4_quant": {"input_token": 649, "output_token": 0, "money_cost": 0.00081125, "gpt_time_cost": 184.97604894638062}, "marlin_qqq_gemm": {"execute_time": 175.09159874916077}, "gptq_gemm": {"execute_time": 84.08225798606873}, "cutlass_scaled_mm_supports_block_fp8": {"execute_time": 89.51588821411133}, "dynamic_scaled_int8_quant": {"execute_time": 1512.3355021476746}, "cutlass_scaled_mm_supports_fp8": {"execute_time": 58.03067135810852}, "dynamic_scaled_fp8_quant": {"execute_time": 91.72803902626038}, "awq_gemm": {"execute_time": 82.7722589969635}, "cutlass_scaled_fp4_mm": {"input_token": 764, "output_token": 0, "money_cost": 0.000955, "gpt_time_cost": 307.52096796035767, "execute_time": 0.30725884437561035}, "aqlm_dequant": {"execute_time": 423.7092978954315}, "gptq_marlin_gemm": {"input_token": 612, "output_token": 0, "money_cost": 0.0007650000000000001, "gpt_time_cost": 123.29628133773804, "execute_time": 700.018009185791}, "static_scaled_int8_quant": {"execute_time": 1500.04212474823}, "gptq_marlin_24_gemm": {"execute_time": 230.50651264190674}, "cutlass_scaled_sparse_mm": {"execute_time": 114.81959652900696}, "marlin_gemm": {"execute_time": 653.5022442340851}, "dynamic_per_token_scaled_fp8_quant": {"execute_time": 73.64362740516663}, "cutlass_scaled_mm": {"execute_time": 1603.7547056674957}, "aqlm_gemm": {"execute_time": 367.3562250137329}, "allspark_w8a16_gemm": {"input_token": 582, "output_token": 0, "money_cost": 0.0007275, "gpt_time_cost": 173.13408708572388, "execute_time": 0.31026744842529297}, "cutlass_scaled_mm_supports_fp4": {"input_token": 529, "output_token": 0, "money_cost": 0.00066125, "gpt_time_cost": 166.4056680202484, "execute_time": 42.39049553871155}, "awq_dequantize": {"execute_time": 1226.1248593330383}, "total": {"input_token": 3136, "output_token": 0, "money_cost": 0.00392, "time_cost": 10988.15374660492}}