{"vecquant8matmul_batched_faster_old": {"input_token": 120, "output_token": 0, "money_cost": 0.00015, "gpt_time_cost": 176.91927695274353, "execute_time": 33.329312562942505}, "total": {"input_token": 0, "output_token": 0, "money_cost": 0.0, "time_cost": 210.24929881095886}}