{"cutlass_scaled_mm": {"execute_time": 179.6230595111847}, "reshape_and_cache": {"input_token": 547, "output_token": 0, "money_cost": 0.0006837500000000001, "gpt_time_cost": 114.92694306373596}, "gptq_gemm": {"execute_time": 18.422197341918945}, "gptq_marlin_24_gemm": {"execute_time": 14.827391147613525}, "dynamic_per_token_scaled_fp8_quant": {"execute_time": 41.362675189971924}, "scaled_fp4_quant": {"execute_time": 6.4427289962768555}, "awq_dequantize": {"execute_time": 55.96776485443115}, "allspark_w8a16_gemm": {"input_token": 574, "output_token": 0, "money_cost": 0.0007174999999999999, "gpt_time_cost": 145.85869073867798}, "dynamic_scaled_fp8_quant": {"execute_time": 27.40001678466797}, "paged_attention": {"input_token": 632, "output_token": 0, "money_cost": 0.00079, "gpt_time_cost": 117.62033700942993}, "gelu_fast": {"execute_time": 26.556218147277832}, "cutlass_scaled_fp4_mm": {"execute_time": 9.998068571090698}, "aqlm_gemm": {"execute_time": 54.6393404006958}, "convert_vertical_slash_indexes": {"input_token": 1098, "output_token": 0, "money_cost": 0.0013725000000000002, "gpt_time_cost": 163.72878217697144, "execute_time": 13.336308240890503}, "aqlm_dequant": {"execute_time": 68.596022605896}, "machete_mm": {"execute_time": 24.127485752105713}, "paged_attention_v1": {"input_token": 945, "output_token": 0, "money_cost": 0.00118125, "gpt_time_cost": 190.87220931053162, "execute_time": 10.988759517669678}, "gelu_new": {"input_token": 485, "output_token": 0, "money_cost": 0.00060625, "gpt_time_cost": 135.97822213172913, "execute_time": 12.034767627716064}, "dynamic_scaled_int8_quant": {"execute_time": 147.36438727378845}, "marlin_gemm": {"execute_time": 14.063879251480103}, "cutlass_scaled_mm_supports_block_fp8": {"execute_time": 26.44551968574524}, "marlin_qqq_gemm": {"input_token": 624, "output_token": 0, "money_cost": 0.00078, "gpt_time_cost": 149.6777458190918}, "gather_cache": {"input_token": 684, "output_token": 0, "money_cost": 0.0008550000000000001, "gpt_time_cost": 134.00683903694153}, "static_scaled_fp8_quant": {"execute_time": 50.17827796936035}, "cutlass_scaled_sparse_mm": {"input_token": 777, "output_token": 0, "money_cost": 0.00097125, "gpt_time_cost": 215.87617349624634, "execute_time": 57.14719486236572}, "paged_attention_v2": {"input_token": 1149, "output_token": 0, "money_cost": 0.00143625, "gpt_time_cost": 115.0191159248352}, "convert_vertical_slash_indexes_mergehead": {"input_token": 1017, "output_token": 0, "money_cost": 0.0012712499999999998, "gpt_time_cost": 103.39728474617004}, "merge_attn_states": {"input_token": 775, "output_token": 0, "money_cost": 0.0009687500000000001, "gpt_time_cost": 136.30735087394714}, "concat_and_cache_mla": {"input_token": 826, "output_token": 0, "money_cost": 0.0010325, "gpt_time_cost": 83.0560393333435}, "awq_gemm": {"execute_time": 134.09932160377502}, "gelu_quick": {"input_token": 485, "output_token": 0, "money_cost": 0.00060625, "gpt_time_cost": 180.59708404541016, "execute_time": 4.414310932159424}, "cutlass_scaled_mm_supports_fp8": {"execute_time": 65.07905745506287}, "static_scaled_int8_quant": {"execute_time": 651.2528691291809}, "gptq_marlin_gemm": {"input_token": 604, "output_token": 0, "money_cost": 0.000755, "gpt_time_cost": 204.80810618400574, "execute_time": 93.5710563659668}, "cutlass_scaled_mm_supports_fp4": {"execute_time": 9.281823873519897}, "total": {"input_token": 11222, "output_token": 0, "money_cost": 0.014027500000000004, "time_cost": 4505.862066745758}}