{"marlin_qqq_gemm": {"input_token": 793, "output_token": 0, "money_cost": 0.0009912500000000002, "gpt_time_cost": 235.05035996437073, "execute_time": 1.52587890625e-05}, "gptq_marlin_24_gemm": {"input_token": 772, "output_token": 0, "money_cost": 0.000965, "gpt_time_cost": 227.14339065551758, "execute_time": 0.5040230751037598}, "marlin_gemm": {"input_token": 756, "output_token": 0, "money_cost": 0.000945, "gpt_time_cost": 128.98866391181946}, "gptq_gemm": {"input_token": 715, "output_token": 0, "money_cost": 0.00089375, "gpt_time_cost": 168.43732070922852, "execute_time": 32.89719796180725}, "static_scaled_fp8_quant": {"execute_time": 52.31032848358154}, "dynamic_per_token_scaled_fp8_quant": {"input_token": 1061, "output_token": 0, "money_cost": 0.00132625, "gpt_time_cost": 204.46396374702454, "execute_time": 0.7569730281829834}, "dynamic_scaled_int8_quant": {"input_token": 991, "output_token": 0, "money_cost": 0.00123875, "gpt_time_cost": 205.63670587539673, "execute_time": 0.7311563491821289}, "cutlass_scaled_mm": {"input_token": 706, "output_token": 0, "money_cost": 0.0008824999999999999, "gpt_time_cost": 95.14270615577698}, "static_scaled_int8_quant": {"input_token": 902, "output_token": 0, "money_cost": 0.0011275, "gpt_time_cost": 135.90960431098938}, "rotary_embedding": {"input_token": 854, "output_token": 0, "money_cost": 0.0010675, "gpt_time_cost": 131.9474937915802, "execute_time": 28.693279504776}, "moe_wna16_gemm": {"input_token": 1438, "output_token": 0, "money_cost": 0.0017975, "gpt_time_cost": 200.36354398727417, "execute_time": 31.057400703430176}, "reshape_and_cache_flash": {"input_token": 872, "output_token": 0, "money_cost": 0.00109, "gpt_time_cost": 122.89656519889832}, "awq_dequantize": {"input_token": 798, "output_token": 0, "money_cost": 0.0009975000000000001, "gpt_time_cost": 178.9132649898529, "execute_time": 1.0903589725494385}, "get_cutlass_moe_mm_data": {"input_token": 1677, "output_token": 0, "money_cost": 0.00209625, "gpt_time_cost": 140.5050721168518}, "sgl_moe_align_block_size": {"execute_time": 51.3634717464447}, "cutlass_scaled_sparse_mm": {"input_token": 946, "output_token": 0, "money_cost": 0.0011825, "gpt_time_cost": 110.99761390686035}, "topk_softmax": {"input_token": 682, "output_token": 0, "money_cost": 0.0008525000000000001, "gpt_time_cost": 126.05207514762878}, "cutlass_fp4_group_mm": {"input_token": 975, "output_token": 0, "money_cost": 0.00121875, "gpt_time_cost": 209.47066831588745, "execute_time": 0.5441403388977051}, "reshape_and_cache": {"input_token": 716, "output_token": 0, "money_cost": 0.000895, "gpt_time_cost": 125.72176218032837, "execute_time": 33.57437586784363}, "scaled_fp4_quant": {"input_token": 810, "output_token": 0, "money_cost": 0.0010125000000000002, "gpt_time_cost": 196.9705936908722, "execute_time": 1.621246337890625e-05}, "gptq_marlin_gemm": {"execute_time": 139.53601574897766}, "swap_blocks": {"execute_time": 40.10812854766846}, "awq_gemm": {"input_token": 833, "output_token": 0, "money_cost": 0.00104125, "gpt_time_cost": 178.80443596839905, "execute_time": 0.8833763599395752}, "paged_attention_v2": {"input_token": 1318, "output_token": 0, "money_cost": 0.0016475, "gpt_time_cost": 109.08231353759766, "execute_time": 58.20469117164612}, "machete_mm": {"input_token": 751, "output_token": 0, "money_cost": 0.00093875, "gpt_time_cost": 318.747362613678, "execute_time": 1.3828277587890625e-05}, "scaled_fp4_experts_quant": {"input_token": 1794, "output_token": 0, "money_cost": 0.0022425, "gpt_time_cost": 216.73949432373047, "execute_time": 0.6902298927307129}, "gather_cache": {"execute_time": 59.53041481971741}, "merge_attn_states": {"execute_time": 59.44297003746033}, "convert_vertical_slash_indexes_mergehead": {"input_token": 1186, "output_token": 0, "money_cost": 0.0014824999999999999, "gpt_time_cost": 99.00446224212646}, "cutlass_moe_mm": {"input_token": 1859, "output_token": 0, "money_cost": 0.00232375, "gpt_time_cost": 183.25232005119324, "execute_time": 0.8523766994476318}, "cutlass_scaled_mm_supports_fp8": {"execute_time": 53.97295355796814}, "cutlass_scaled_mm_supports_fp4": {"input_token": 690, "output_token": 0, "money_cost": 0.0008625, "gpt_time_cost": 129.59615516662598, "execute_time": 1.4066696166992188e-05}, "cutlass_scaled_mm_supports_block_fp8": {"execute_time": 61.77377510070801}, "aqlm_dequant": {"input_token": 763, "output_token": 0, "money_cost": 0.0009537500000000001, "gpt_time_cost": 184.69368028640747, "execute_time": 0.7311797142028809}, "moe_wna16_marlin_gemm": {"execute_time": 138.21997499465942}, "gelu_and_mul": {"input_token": 2184, "output_token": 0, "money_cost": 0.0027300000000000002, "gpt_time_cost": 129.27685856819153, "execute_time": 0.5681867599487305}, "cutlass_scaled_fp4_mm": {"input_token": 925, "output_token": 0, "money_cost": 0.0011562500000000002, "gpt_time_cost": 182.8542697429657, "execute_time": 1.9073486328125e-05}, "dynamic_scaled_fp8_quant": {"execute_time": 60.59419870376587}, "batched_rotary_embedding": {"input_token": 817, "output_token": 0, "money_cost": 0.00102125, "gpt_time_cost": 127.84500980377197}, "paged_attention_v1": {"input_token": 1114, "output_token": 0, "money_cost": 0.0013925, "gpt_time_cost": 149.58481073379517}, "allspark_w8a16_gemm": {"input_token": 743, "output_token": 0, "money_cost": 0.00092875, "gpt_time_cost": 132.51008558273315, "execute_time": 0.5829870700836182}, "paged_attention": {"input_token": 801, "output_token": 0, "money_cost": 0.00100125, "gpt_time_cost": 128.04683351516724}, "aqlm_gemm": {"input_token": 839, "output_token": 0, "money_cost": 0.00104875, "gpt_time_cost": 114.18055701255798, "execute_time": 0.602461576461792}, "total": {"input_token": 33081, "output_token": 0, "money_cost": 0.041351250000000006, "time_cost": 6608.669910430908}}