{
    "vecquant8matmul_batched_faster_old": {
        "input_token": 110,
        "output_token": 0,
        "money_cost": 0.0001375,
        "gpt_time_cost": 125.76472997665405,
        "execute_time": 7.115804195404053
    },
    "total": {
        "input_token": 0,
        "output_token": 0,
        "money_cost": 0.0,
        "time_cost": 139.63282346725464
    }
}