{
    "rspmm_add_add_forward_cuda": {
        "input_token": 107,
        "output_token": 0,
        "money_cost": 0.00013375,
        "gpt_time_cost": 95.11191010475159
    },
    "rspmm_min_mul_backward_cuda": {
        "input_token": 107,
        "output_token": 0,
        "money_cost": 0.00013375,
        "gpt_time_cost": 146.31765818595886,
        "execute_time": 750.368376493454
    },
    "rspmm_max_mul_backward_cuda": {
        "input_token": 107,
        "output_token": 0,
        "money_cost": 0.00013375,
        "gpt_time_cost": 101.39574766159058,
        "execute_time": 190.70951795578003
    },
    "rspmm_max_add_forward_cuda": {
        "input_token": 107,
        "output_token": 0,
        "money_cost": 0.00013375,
        "gpt_time_cost": 122.10875582695007,
        "execute_time": 189.62568068504333
    },
    "rspmm_add_add_backward_cuda": {
        "execute_time": 191.30925846099854
    },
    "rspmm_max_add_backward_cuda": {
        "input_token": 107,
        "output_token": 0,
        "money_cost": 0.00013375,
        "gpt_time_cost": 78.18594312667847,
        "execute_time": 189.50838351249695
    },
    "rspmm_add_mul_backward_cuda": {
        "input_token": 107,
        "output_token": 0,
        "money_cost": 0.00013375,
        "gpt_time_cost": 73.819815158844
    },
    "rspmm_min_add_forward_cuda": {
        "input_token": 107,
        "output_token": 0,
        "money_cost": 0.00013375,
        "gpt_time_cost": 94.84224486351013,
        "execute_time": 755.4403784275055
    },
    "rspmm_min_add_backward_cuda": {
        "input_token": 107,
        "output_token": 0,
        "money_cost": 0.00013375,
        "gpt_time_cost": 87.94061946868896,
        "execute_time": 767.2807598114014
    },
    "total": {
        "input_token": 0,
        "output_token": 0,
        "money_cost": 0.0,
        "time_cost": 3738.8707382678986
    }
}