{"paged_attention": {"input_token": 599, "output_token": 0, "money_cost": 0.00074875, "gpt_time_cost": 120.57829332351685}, "cutlass_scaled_mm_supports_block_fp8": {"execute_time": 104.01059007644653}, "dynamic_scaled_int8_quant": {"execute_time": 693.4156374931335}, "cutlass_scaled_mm_supports_fp8": {"execute_time": 36.43245315551758}, "batched_rotary_embedding": {"input_token": 615, "output_token": 0, "money_cost": 0.00076875, "gpt_time_cost": 178.20284724235535}, "convert_vertical_slash_indexes_mergehead": {"input_token": 984, "output_token": 0, "money_cost": 0.00123, "gpt_time_cost": 319.1443853378296, "execute_time": 0.5913195610046387}, "static_scaled_int8_quant": {"execute_time": 1178.0549218654633}, "gather_cache": {"input_token": 651, "output_token": 0, "money_cost": 0.00081375, "gpt_time_cost": 157.07747101783752}, "reshape_and_cache": {"input_token": 514, "output_token": 0, "money_cost": 0.0006425000000000001, "gpt_time_cost": 137.90036535263062}, "marlin_gemm": {"execute_time": 61.512218952178955}, "machete_mm": {"execute_time": 63.572036027908325}, "cutlass_scaled_mm": {"execute_time": 492.47880935668945}, "awq_dequantize": {"execute_time": 81.78165626525879}, "gptq_marlin_24_gemm": {"execute_time": 58.336129665374756}, "convert_vertical_slash_indexes": {"input_token": 1065, "output_token": 0, "money_cost": 0.00133125, "gpt_time_cost": 108.65156888961792}, "static_scaled_fp8_quant": {"execute_time": 32.53958463668823}, "scaled_fp4_quant": {"execute_time": 11.296468257904053}, "marlin_qqq_gemm": {"input_token": 591, "output_token": 0, "money_cost": 0.0007387499999999999, "gpt_time_cost": 181.3863091468811, "execute_time": 0.4897477626800537}, "paged_attention_v2": {"input_token": 1116, "output_token": 0, "money_cost": 0.0013950000000000002, "gpt_time_cost": 72.46823263168335}, "gptq_gemm": {"execute_time": 64.33185315132141}, "swap_blocks": {"execute_time": 49.811326026916504}, "merge_attn_states": {"input_token": 742, "output_token": 0, "money_cost": 0.0009275, "gpt_time_cost": 163.52009296417236}, "dynamic_scaled_fp8_quant": {"execute_time": 34.06759834289551}, "awq_gemm": {"execute_time": 60.030646324157715}, "cutlass_scaled_fp4_mm": {"execute_time": 10.272356271743774}, "gptq_marlin_gemm": {"input_token": 571, "output_token": 0, "money_cost": 0.00071375, "gpt_time_cost": 186.94226813316345, "execute_time": 0.7262253761291504}, "concat_and_cache_mla": {"input_token": 793, "output_token": 0, "money_cost": 0.0009912500000000002, "gpt_time_cost": 206.33559584617615, "execute_time": 0.49241137504577637}, "dynamic_per_token_scaled_fp8_quant": {"execute_time": 53.21477699279785}, "allspark_w8a16_gemm": {"input_token": 541, "output_token": 0, "money_cost": 0.0006762500000000001, "gpt_time_cost": 202.74087929725647, "execute_time": 23.200252056121826}, "advance_step_flashattn": {"execute_time": 26.699181079864502}, "cutlass_scaled_mm_supports_fp4": {"execute_time": 12.06297779083252}, "total": {"input_token": 8782, "output_token": 0, "money_cost": 0.0109775, "time_cost": 5528.566355466843}}