{"cutlass_scaled_mm": {"execute_time": 47.96817111968994}, "reshape_and_cache": {"input_token": 464, "output_token": 0, "money_cost": 0.00058, "gpt_time_cost": 127.46344041824341}, "gptq_gemm": {"execute_time": 90.47124934196472}, "gptq_marlin_24_gemm": {"execute_time": 73.08934283256531}, "dynamic_per_token_scaled_fp8_quant": {"execute_time": 49.15784692764282}, "scaled_fp4_quant": {"input_token": 558, "output_token": 0, "money_cost": 0.0006975000000000001, "gpt_time_cost": 188.78137469291687, "execute_time": 0.8182597160339355}, "awq_dequantize": {"execute_time": 250.62425923347473}, "allspark_w8a16_gemm": {"input_token": 491, "output_token": 0, "money_cost": 0.00061375, "gpt_time_cost": 191.0303807258606, "execute_time": 2.9802322387695312e-05}, "dynamic_scaled_fp8_quant": {"execute_time": 96.0434672832489}, "paged_attention": {"input_token": 549, "output_token": 0, "money_cost": 0.0006862500000000001, "gpt_time_cost": 124.3171033859253}, "cutlass_scaled_fp4_mm": {"input_token": 673, "output_token": 0, "money_cost": 0.0008412500000000001, "gpt_time_cost": 224.71689677238464, "execute_time": 0.48058104515075684}, "aqlm_gemm": {"execute_time": 13.45563817024231}, "convert_vertical_slash_indexes": {"input_token": 1015, "output_token": 0, "money_cost": 0.00126875, "gpt_time_cost": 244.60513138771057, "execute_time": 13.436255693435669}, "aqlm_dequant": {"execute_time": 155.35282015800476}, "machete_mm": {"execute_time": 10.66432237625122}, "paged_attention_v1": {"input_token": 862, "output_token": 0, "money_cost": 0.0010775000000000001, "gpt_time_cost": 125.5757668018341, "execute_time": 38.74036622047424}, "dynamic_scaled_int8_quant": {"execute_time": 287.2784843444824}, "marlin_gemm": {"execute_time": 78.51526308059692}, "cutlass_scaled_mm_supports_block_fp8": {"execute_time": 77.6459231376648}, "marlin_qqq_gemm": {"input_token": 541, "output_token": 0, "money_cost": 0.0006762500000000001, "gpt_time_cost": 127.77480626106262, "execute_time": 0.437175989151001}, "gather_cache": {"input_token": 601, "output_token": 0, "money_cost": 0.00075125, "gpt_time_cost": 100.01538920402527}, "static_scaled_fp8_quant": {"execute_time": 190.20448994636536}, "cutlass_scaled_sparse_mm": {"input_token": 694, "output_token": 0, "money_cost": 0.0008675, "gpt_time_cost": 173.6257038116455, "execute_time": 15.23714303970337}, "paged_attention_v2": {"input_token": 1066, "output_token": 0, "money_cost": 0.0013325000000000001, "gpt_time_cost": 152.99652743339539}, "convert_vertical_slash_indexes_mergehead": {"input_token": 934, "output_token": 0, "money_cost": 0.0011675000000000001, "gpt_time_cost": 122.53036975860596}, "merge_attn_states": {"input_token": 692, "output_token": 0, "money_cost": 0.000865, "gpt_time_cost": 86.76322770118713}, "concat_and_cache_mla": {"input_token": 743, "output_token": 0, "money_cost": 0.00092875, "gpt_time_cost": 116.36283373832703}, "batched_rotary_embedding": {"input_token": 565, "output_token": 0, "money_cost": 0.00070625, "gpt_time_cost": 196.432213306427}, "awq_gemm": {"execute_time": 8.931493520736694}, "cutlass_scaled_mm_supports_fp8": {"execute_time": 10.122783422470093}, "static_scaled_int8_quant": {"execute_time": 30.905811309814453}, "gptq_marlin_gemm": {"input_token": 521, "output_token": 0, "money_cost": 0.00065125, "gpt_time_cost": 174.50609469413757, "execute_time": 9.776053190231323}, "cutlass_scaled_mm_supports_fp4": {"input_token": 438, "output_token": 0, "money_cost": 0.0005475, "gpt_time_cost": 176.4959909915924, "execute_time": 1.811981201171875e-05}, "total": {"input_token": 11407, "output_token": 0, "money_cost": 0.014258750000000002, "time_cost": 5201.068065166473}}