{"marlin_qqq_gemm": {"input_token": 716, "output_token": 0, "money_cost": 0.000895, "gpt_time_cost": 223.39536547660828}, "gptq_marlin_24_gemm": {"execute_time": 79.12109327316284}, "marlin_gemm": {"execute_time": 51.287357568740845}, "gptq_gemm": {"execute_time": 54.047982692718506}, "static_scaled_fp8_quant": {"execute_time": 28.53943705558777}, "dynamic_per_token_scaled_fp8_quant": {"input_token": 984, "output_token": 0, "money_cost": 0.00123, "gpt_time_cost": 185.9378592967987}, "dynamic_scaled_int8_quant": {"input_token": 914, "output_token": 0, "money_cost": 0.0011425, "gpt_time_cost": 222.19592547416687, "execute_time": 0.34549498558044434}, "cutlass_scaled_mm": {"input_token": 629, "output_token": 0, "money_cost": 0.0007862500000000001, "gpt_time_cost": 212.96398830413818, "execute_time": 32.902348041534424}, "static_scaled_int8_quant": {"input_token": 825, "output_token": 0, "money_cost": 0.00103125, "gpt_time_cost": 178.62331223487854, "execute_time": 0.2842133045196533}, "awq_dequantize": {"execute_time": 68.58256101608276}, "cutlass_scaled_sparse_mm": {"input_token": 869, "output_token": 0, "money_cost": 0.00108625, "gpt_time_cost": 150.48616194725037}, "reshape_and_cache": {"input_token": 639, "output_token": 0, "money_cost": 0.00079875, "gpt_time_cost": 166.86310935020447, "execute_time": 25.353362798690796}, "scaled_fp4_quant": {"input_token": 733, "output_token": 0, "money_cost": 0.00091625, "gpt_time_cost": 196.19994187355042, "execute_time": 1.2874603271484375e-05}, "gptq_marlin_gemm": {"input_token": 696, "output_token": 0, "money_cost": 0.00087, "gpt_time_cost": 130.57907485961914, "execute_time": 56.66038537025452}, "swap_blocks": {"execute_time": 37.97086548805237}, "awq_gemm": {"execute_time": 67.22411918640137}, "paged_attention_v2": {"input_token": 1241, "output_token": 0, "money_cost": 0.0015512500000000001, "gpt_time_cost": 81.59328937530518, "execute_time": 36.35270285606384}, "gather_cache": {"input_token": 776, "output_token": 0, "money_cost": 0.00097, "gpt_time_cost": 127.35238409042358}, "merge_attn_states": {"input_token": 867, "output_token": 0, "money_cost": 0.00108375, "gpt_time_cost": 71.67612433433533, "execute_time": 36.866387128829956}, "convert_vertical_slash_indexes_mergehead": {"input_token": 1109, "output_token": 0, "money_cost": 0.0013862500000000001, "gpt_time_cost": 95.45329785346985}, "cutlass_scaled_mm_supports_fp4": {"input_token": 613, "output_token": 0, "money_cost": 0.00076625, "gpt_time_cost": 85.46832299232483}, "aqlm_dequant": {"execute_time": 68.35410070419312}, "cutlass_scaled_fp4_mm": {"input_token": 848, "output_token": 0, "money_cost": 0.00106, "gpt_time_cost": 158.72970461845398, "execute_time": 0.3005797863006592}, "batched_rotary_embedding": {"input_token": 740, "output_token": 0, "money_cost": 0.000925, "gpt_time_cost": 109.01884770393372}, "paged_attention_v1": {"input_token": 1037, "output_token": 0, "money_cost": 0.0012962499999999999, "gpt_time_cost": 92.52103304862976, "execute_time": 21.86168122291565}, "allspark_w8a16_gemm": {"input_token": 666, "output_token": 0, "money_cost": 0.0008325, "gpt_time_cost": 189.29832315444946, "execute_time": 0.2643923759460449}, "paged_attention": {"input_token": 724, "output_token": 0, "money_cost": 0.000905, "gpt_time_cost": 63.15007448196411}, "total": {"input_token": 15626, "output_token": 0, "money_cost": 0.019532499999999998, "time_cost": 3733.1797828674316}}