{"convert_vertical_slash_indexes_mergehead": {"input_token": 901, "output_token": 0, "money_cost": 0.00112625, "gpt_time_cost": 126.50025773048401}, "gather_cache": {"input_token": 568, "output_token": 0, "money_cost": 0.0007099999999999999, "gpt_time_cost": 136.51614093780518}, "paged_attention_v2": {"input_token": 1033, "output_token": 0, "money_cost": 0.0012912499999999999, "gpt_time_cost": 124.43401145935059}, "cutlass_scaled_sparse_mm": {"execute_time": 103.43470788002014}, "concat_and_cache_mla": {"input_token": 710, "output_token": 0, "money_cost": 0.0008874999999999999, "gpt_time_cost": 106.52903127670288}, "cutlass_scaled_fp4_mm": {"execute_time": 70.73037981987}, "cutlass_scaled_mm_supports_fp8": {"input_token": 406, "output_token": 0, "money_cost": 0.0005075, "gpt_time_cost": 182.16901540756226, "execute_time": 106.21028184890747}, "reshape_and_cache": {"input_token": 431, "output_token": 0, "money_cost": 0.0005387500000000001, "gpt_time_cost": 128.84993648529053}, "allspark_w8a16_gemm": {"input_token": 458, "output_token": 0, "money_cost": 0.0005725, "gpt_time_cost": 208.23268675804138, "execute_time": 0.36736178398132324}, "awq_dequantize": {"execute_time": 145.16356682777405}, "aqlm_dequant": {"execute_time": 150.4734628200531}, "batched_rotary_embedding": {"input_token": 532, "output_token": 0, "money_cost": 0.000665, "gpt_time_cost": 172.481463432312}, "paged_attention_v1": {"input_token": 829, "output_token": 0, "money_cost": 0.00103625, "gpt_time_cost": 152.48628950119019, "execute_time": 91.12612557411194}, "cutlass_scaled_mm_supports_block_fp8": {"input_token": 409, "output_token": 0, "money_cost": 0.00051125, "gpt_time_cost": 185.5813283920288, "execute_time": 0.3846457004547119}, "merge_attn_states": {"input_token": 659, "output_token": 0, "money_cost": 0.00082375, "gpt_time_cost": 250.18072295188904}, "cutlass_scaled_mm": {"execute_time": 612.7687072753906}, "total": {"input_token": 6936, "output_token": 0, "money_cost": 0.00867, "time_cost": 4317.482238292694}}