{"swap_blocks": {"execute_time": 66.66539263725281}, "convert_vertical_slash_indexes": {"input_token": 994, "output_token": 0, "money_cost": 0.0012425000000000001, "gpt_time_cost": 377.6197860240936, "execute_time": 6.492804527282715}, "gather_cache": {"input_token": 580, "output_token": 0, "money_cost": 0.000725, "gpt_time_cost": 98.60222959518433}, "static_scaled_int8_quant": {"input_token": 629, "output_token": 0, "money_cost": 0.0007862500000000001, "gpt_time_cost": 217.79136610031128, "execute_time": 0.5790948867797852}, "paged_attention_v1": {"input_token": 841, "output_token": 0, "money_cost": 0.0010512499999999999, "gpt_time_cost": 128.4388346672058, "execute_time": 25.12831735610962}, "cutlass_scaled_sparse_mm": {"input_token": 673, "output_token": 0, "money_cost": 0.0008412500000000001, "gpt_time_cost": 190.9406418800354, "execute_time": 4.5048744678497314}, "concat_and_cache_mla": {"input_token": 722, "output_token": 0, "money_cost": 0.0009025, "gpt_time_cost": 108.5455048084259}, "gptq_marlin_24_gemm": {"input_token": 499, "output_token": 0, "money_cost": 0.0006237500000000001, "gpt_time_cost": 201.92597126960754, "execute_time": 4.231260776519775}, "dynamic_scaled_int8_quant": {"input_token": 718, "output_token": 0, "money_cost": 0.0008975, "gpt_time_cost": 163.08233737945557, "execute_time": 4.193418979644775}, "marlin_qqq_gemm": {"input_token": 520, "output_token": 0, "money_cost": 0.0006500000000000001, "gpt_time_cost": 179.96128702163696}, "gelu_new": {"input_token": 381, "output_token": 0, "money_cost": 0.00047625, "gpt_time_cost": 398.17782759666443, "execute_time": 4.249565124511719}, "gelu_fast": {"input_token": 381, "output_token": 0, "money_cost": 0.00047625, "gpt_time_cost": 131.12705254554749, "execute_time": 4.019637107849121}, "cutlass_scaled_fp4_mm": {"input_token": 652, "output_token": 0, "money_cost": 0.0008150000000000001, "gpt_time_cost": 176.53019046783447, "execute_time": 0.2644474506378174}, "paged_attention": {"input_token": 528, "output_token": 0, "money_cost": 0.00066, "gpt_time_cost": 118.71095013618469}, "cutlass_scaled_mm": {"input_token": 433, "output_token": 0, "money_cost": 0.00054125, "gpt_time_cost": 122.68839311599731}, "aqlm_gemm": {"input_token": 566, "output_token": 0, "money_cost": 0.0007074999999999999, "gpt_time_cost": 197.53943967819214}, "paged_attention_v2": {"input_token": 1045, "output_token": 0, "money_cost": 0.00130625, "gpt_time_cost": 134.04971265792847}, "awq_dequantize": {"input_token": 525, "output_token": 0, "money_cost": 0.00065625, "gpt_time_cost": 160.70835494995117, "execute_time": 4.027193784713745}, "convert_vertical_slash_indexes_mergehead": {"input_token": 913, "output_token": 0, "money_cost": 0.0011412500000000001, "gpt_time_cost": 95.86904621124268}, "marlin_gemm": {"input_token": 483, "output_token": 0, "money_cost": 0.00060375, "gpt_time_cost": 229.81346106529236, "execute_time": 4.213786602020264}, "cutlass_scaled_mm_supports_block_fp8": {"input_token": 421, "output_token": 0, "money_cost": 0.00052625, "gpt_time_cost": 153.54066944122314}, "aqlm_dequant": {"input_token": 490, "output_token": 0, "money_cost": 0.0006125, "gpt_time_cost": 170.38090562820435, "execute_time": 4.031555652618408}, "gelu_quick": {"input_token": 381, "output_token": 0, "money_cost": 0.00047625, "gpt_time_cost": 125.05763506889343}, "awq_gemm": {"input_token": 560, "output_token": 0, "money_cost": 0.0007000000000000001, "gpt_time_cost": 175.82157588005066, "execute_time": 4.186478853225708}, "static_scaled_fp8_quant": {"input_token": 879, "output_token": 0, "money_cost": 0.0010987500000000001, "gpt_time_cost": 160.38436675071716, "execute_time": 3.966891050338745}, "cutlass_scaled_mm_supports_fp4": {"input_token": 417, "output_token": 0, "money_cost": 0.00052125, "gpt_time_cost": 110.69882559776306}, "allspark_w8a16_gemm": {"input_token": 470, "output_token": 0, "money_cost": 0.0005875, "gpt_time_cost": 189.5676155090332, "execute_time": 1.5497207641601562e-05}, "gptq_gemm": {"input_token": 442, "output_token": 0, "money_cost": 0.0005525, "gpt_time_cost": 154.41525101661682}, "dynamic_scaled_fp8_quant": {"input_token": 832, "output_token": 0, "money_cost": 0.00104, "gpt_time_cost": 167.8896119594574, "execute_time": 4.211903810501099}, "machete_mm": {"input_token": 478, "output_token": 0, "money_cost": 0.0005974999999999999, "gpt_time_cost": 194.03872179985046}, "gptq_marlin_gemm": {"input_token": 500, "output_token": 0, "money_cost": 0.000625, "gpt_time_cost": 116.13432717323303, "execute_time": 4.081449031829834}, "scaled_fp4_quant": {"input_token": 537, "output_token": 0, "money_cost": 0.0006712500000000001, "gpt_time_cost": 189.52363777160645, "execute_time": 1.8358230590820312e-05}, "cutlass_scaled_mm_supports_fp8": {"input_token": 418, "output_token": 0, "money_cost": 0.0005225, "gpt_time_cost": 97.36101412773132}, "merge_attn_states": {"input_token": 671, "output_token": 0, "money_cost": 0.0008387500000000001, "gpt_time_cost": 120.39722084999084, "execute_time": 27.773314714431763}, "total": {"input_token": 19579, "output_token": 0, "money_cost": 0.024473750000000002, "time_cost": 6062.02979683876}}