{"allspark_w8a16_gemm": {"input_token": 497, "output_token": 0, "money_cost": 0.0006212500000000001, "gpt_time_cost": 245.52537298202515, "execute_time": 77.29206442832947}, "aqlm_gemm": {"execute_time": 36.03086042404175}, "cutlass_scaled_sparse_mm": {"execute_time": 23.627166748046875}, "gelu_quick": {"input_token": 408, "output_token": 0, "money_cost": 0.0005099999999999999, "gpt_time_cost": 132.80968046188354, "execute_time": 19.075970888137817}, "reshape_and_cache_flash": {"input_token": 626, "output_token": 0, "money_cost": 0.0007825, "gpt_time_cost": 103.31119108200073}, "cutlass_scaled_fp4_mm": {"input_token": 679, "output_token": 0, "money_cost": 0.0008487500000000001, "gpt_time_cost": 156.0944426059723, "execute_time": 1.811981201171875e-05}, "cutlass_scaled_mm": {"input_token": 460, "output_token": 0, "money_cost": 0.000575, "gpt_time_cost": 202.8543417453766, "execute_time": 230.30721187591553}, "dynamic_per_token_scaled_fp8_quant": {"execute_time": 141.99113535881042}, "gptq_marlin_gemm": {"input_token": 527, "output_token": 0, "money_cost": 0.00065875, "gpt_time_cost": 153.5423445701599, "execute_time": 46.39707899093628}, "concat_and_cache_mla": {"input_token": 749, "output_token": 0, "money_cost": 0.00093625, "gpt_time_cost": 104.45510745048523}, "static_scaled_int8_quant": {"execute_time": 303.1026475429535}, "marlin_gemm": {"execute_time": 35.69290733337402}, "dynamic_scaled_fp8_quant": {"execute_time": 25.942654848098755}, "gptq_marlin_24_gemm": {"execute_time": 35.80567908287048}, "scaled_fp4_quant": {"input_token": 564, "output_token": 0, "money_cost": 0.0007049999999999999, "gpt_time_cost": 187.31533408164978, "execute_time": 0.2524607181549072}, "gather_cache": {"input_token": 607, "output_token": 0, "money_cost": 0.00075875, "gpt_time_cost": 100.97936296463013}, "gelu_fast": {"execute_time": 19.50750184059143}, "batched_rotary_embedding": {"input_token": 571, "output_token": 0, "money_cost": 0.00071375, "gpt_time_cost": 113.01956725120544}, "convert_vertical_slash_indexes_mergehead": {"input_token": 940, "output_token": 0, "money_cost": 0.001175, "gpt_time_cost": 190.1321611404419, "execute_time": 18.046687841415405}, "paged_attention_v2": {"execute_time": 19.37187623977661}, "paged_attention": {"input_token": 555, "output_token": 0, "money_cost": 0.00069375, "gpt_time_cost": 151.4247968196869, "execute_time": 15.640050649642944}, "convert_vertical_slash_indexes": {"input_token": 1021, "output_token": 0, "money_cost": 0.0012762499999999998, "gpt_time_cost": 114.2603645324707, "execute_time": 18.8592369556427}, "merge_attn_states": {"input_token": 698, "output_token": 0, "money_cost": 0.0008725, "gpt_time_cost": 105.30071926116943}, "static_scaled_fp8_quant": {"execute_time": 20.51479983329773}, "awq_gemm": {"execute_time": 32.882216453552246}, "marlin_qqq_gemm": {"execute_time": 71.62169623374939}, "cutlass_scaled_mm_supports_fp4": {"input_token": 444, "output_token": 0, "money_cost": 0.000555, "gpt_time_cost": 66.83139133453369}, "swap_blocks": {"execute_time": 34.443312883377075}, "total": {"input_token": 9346, "output_token": 0, "money_cost": 0.011682499999999998, "time_cost": 3604.557966709137}}