{"vecquant8matmul_batched_faster_old": {"input_token": 107, "output_token": 0, "money_cost": 0.00013375, "gpt_time_cost": 127.15587043762207, "execute_time": 31.077492475509644}, "total": {"input_token": 0, "output_token": 0, "money_cost": 0.0, "time_cost": 187.66826605796814}}