{"cutlass_scaled_mm_supports_fp4": {"input_token": 1244, "output_token": 0, "money_cost": 0.001555, "gpt_time_cost": 134.29712438583374}, "cutlass_scaled_mm_supports_fp8": {"execute_time": 135.95795035362244}, "cutlass_scaled_mm_supports_block_fp8": {"execute_time": 117.66076350212097}, "advance_step_flashattn": {"execute_time": 66.51868772506714}, "swap_blocks": {"execute_time": 146.76919603347778}, "total": {"input_token": 1244, "output_token": 0, "money_cost": 0.001555, "time_cost": 971.2946784496307}}