{"vecquant8matmul_batched_faster_old": {"input_token": 117, "output_token": 0, "money_cost": 0.00014625, "gpt_time_cost": 201.19034123420715, "execute_time": 30.74532914161682}, "total": {"input_token": 0, "output_token": 0, "money_cost": 0.0, "time_cost": 259.88158559799194}}