{"vecquant8matmul_batched_faster_old": {"input_token": 109, "output_token": 0, "money_cost": 0.00013625, "gpt_time_cost": 221.00578093528748, "execute_time": 19.440406322479248}, "total": {"input_token": 0, "output_token": 0, "money_cost": 0.0, "time_cost": 258.5958604812622}}