{"swap_blocks": {"execute_time": 16.943916082382202}, "total": {"input_token": 0, "output_token": 0, "money_cost": 0.0, "time_cost": 41.51105976104736}}