{"vecquant8matmul_batched_faster_old": {"input_token": 110, "output_token": 0, "money_cost": 0.0001375, "gpt_time_cost": 236.69483518600464, "execute_time": 80.73391532897949}, "total": {"input_token": 0, "output_token": 0, "money_cost": 0.0, "time_cost": 594.1297118663788}}