{"marlin_qqq_gemm": {"input_token": 628, "output_token": 0, "money_cost": 0.000785, "gpt_time_cost": 168.36902737617493, "execute_time": 1.6633167266845703}, "gptq_marlin_24_gemm": {"input_token": 607, "output_token": 0, "money_cost": 0.00075875, "gpt_time_cost": 161.07442045211792, "execute_time": 3.2001638412475586}, "marlin_gemm": {"input_token": 591, "output_token": 0, "money_cost": 0.0007387499999999999, "gpt_time_cost": 183.90004682540894, "execute_time": 1.663663625717163}, "gptq_gemm": {"input_token": 550, "output_token": 0, "money_cost": 0.0006875000000000001, "gpt_time_cost": 196.32103157043457, "execute_time": 3.133162498474121}, "static_scaled_fp8_quant": {"execute_time": 56.44456768035889}, "dynamic_per_token_scaled_fp8_quant": {"input_token": 896, "output_token": 0, "money_cost": 0.0011200000000000001, "gpt_time_cost": 134.9085249900818, "execute_time": 0.9460487365722656}, "dynamic_scaled_int8_quant": {"input_token": 826, "output_token": 0, "money_cost": 0.0010325, "gpt_time_cost": 125.49456095695496, "execute_time": 1.1488332748413086}, "cutlass_scaled_mm": {"input_token": 541, "output_token": 0, "money_cost": 0.0006762500000000001, "gpt_time_cost": 151.7444143295288, "execute_time": 1.5451843738555908}, "static_scaled_int8_quant": {"input_token": 737, "output_token": 0, "money_cost": 0.00092125, "gpt_time_cost": 165.86377000808716, "execute_time": 0.48806071281433105}, "moe_wna16_gemm": {"input_token": 1273, "output_token": 0, "money_cost": 0.00159125, "gpt_time_cost": 234.44074010849, "execute_time": 1.7496225833892822}, "awq_dequantize": {"input_token": 633, "output_token": 0, "money_cost": 0.0007912500000000001, "gpt_time_cost": 199.73124837875366, "execute_time": 3.408329725265503}, "sgl_moe_align_block_size": {"input_token": 1370, "output_token": 0, "money_cost": 0.0017125000000000003, "gpt_time_cost": 186.9260401725769, "execute_time": 51.494221925735474}, "cutlass_scaled_sparse_mm": {"input_token": 781, "output_token": 0, "money_cost": 0.00097625, "gpt_time_cost": 208.86578631401062, "execute_time": 12.44103717803955}, "reshape_and_cache": {"input_token": 551, "output_token": 0, "money_cost": 0.00068875, "gpt_time_cost": 160.17717170715332, "execute_time": 36.62572908401489}, "scaled_fp4_quant": {"input_token": 645, "output_token": 0, "money_cost": 0.00080625, "gpt_time_cost": 311.1964862346649, "execute_time": 0.9168651103973389}, "gptq_marlin_gemm": {"input_token": 608, "output_token": 0, "money_cost": 0.00076, "gpt_time_cost": 192.6658685207367, "execute_time": 0.5102577209472656}, "swap_blocks": {"execute_time": 41.74458360671997}, "awq_gemm": {"input_token": 668, "output_token": 0, "money_cost": 0.000835, "gpt_time_cost": 161.81967520713806, "execute_time": 2.737173318862915}, "paged_attention_v2": {"input_token": 1153, "output_token": 0, "money_cost": 0.00144125, "gpt_time_cost": 94.73949575424194}, "machete_mm": {"input_token": 586, "output_token": 0, "money_cost": 0.0007325, "gpt_time_cost": 277.39382791519165}, "gather_cache": {"input_token": 688, "output_token": 0, "money_cost": 0.00086, "gpt_time_cost": 103.76882934570312, "execute_time": 60.404897689819336}, "merge_attn_states": {"input_token": 779, "output_token": 0, "money_cost": 0.00097375, "gpt_time_cost": 86.22393918037415, "execute_time": 62.389243602752686}, "convert_vertical_slash_indexes_mergehead": {"input_token": 1021, "output_token": 0, "money_cost": 0.0012762499999999998, "gpt_time_cost": 131.2084469795227}, "cutlass_scaled_mm_supports_fp8": {"execute_time": 53.77085590362549}, "cutlass_scaled_mm_supports_fp4": {"input_token": 525, "output_token": 0, "money_cost": 0.00065625, "gpt_time_cost": 168.82829308509827, "execute_time": 0.6093719005584717}, "cutlass_scaled_mm_supports_block_fp8": {"execute_time": 52.85343623161316}, "aqlm_dequant": {"input_token": 598, "output_token": 0, "money_cost": 0.0007475, "gpt_time_cost": 142.8142740726471, "execute_time": 3.6500446796417236}, "gelu_and_mul": {"input_token": 2019, "output_token": 0, "money_cost": 0.0025237500000000004, "gpt_time_cost": 142.51819133758545, "execute_time": 5.177440404891968}, "cutlass_scaled_fp4_mm": {"input_token": 760, "output_token": 0, "money_cost": 0.00095, "gpt_time_cost": 141.93115234375}, "dynamic_scaled_fp8_quant": {"execute_time": 51.47372484207153}, "batched_rotary_embedding": {"input_token": 652, "output_token": 0, "money_cost": 0.0008150000000000001, "gpt_time_cost": 147.79396176338196}, "paged_attention_v1": {"input_token": 949, "output_token": 0, "money_cost": 0.00118625, "gpt_time_cost": 86.44852590560913, "execute_time": 37.45596933364868}, "allspark_w8a16_gemm": {"input_token": 578, "output_token": 0, "money_cost": 0.0007224999999999999, "gpt_time_cost": 226.5072145462036, "execute_time": 5.2331273555755615}, "paged_attention": {"input_token": 636, "output_token": 0, "money_cost": 0.000795, "gpt_time_cost": 107.20280694961548}, "aqlm_gemm": {"input_token": 674, "output_token": 0, "money_cost": 0.0008425, "gpt_time_cost": 158.17067980766296, "execute_time": 2.7571444511413574}, "total": {"input_token": 23523, "output_token": 0, "money_cost": 0.029403750000000006, "time_cost": 6060.017846822739}}