{"dynamic_scaled_fp8_quant": {"execute_time": 32.25316548347473}, "advance_step_flashattn": {"execute_time": 16.87004852294922}, "cutlass_scaled_mm_supports_fp4": {"execute_time": 201.60008025169373}, "static_scaled_int8_quant": {"input_token": 652, "output_token": 0, "money_cost": 0.0008150000000000001, "gpt_time_cost": 193.20889616012573, "execute_time": 0.24784541130065918}, "gptq_marlin_gemm": {"input_token": 523, "output_token": 0, "money_cost": 0.00065375, "gpt_time_cost": 143.24344658851624, "execute_time": 59.62133812904358}, "aqlm_dequant": {"input_token": 513, "output_token": 0, "money_cost": 0.00064125, "gpt_time_cost": 243.85244250297546, "execute_time": 0.3314321041107178}, "convert_vertical_slash_indexes": {"input_token": 1017, "output_token": 0, "money_cost": 0.0012712499999999998, "gpt_time_cost": 107.89845490455627}, "merge_attn_states": {"input_token": 694, "output_token": 0, "money_cost": 0.0008675, "gpt_time_cost": 122.03495502471924}, "marlin_gemm": {"input_token": 506, "output_token": 0, "money_cost": 0.0006325, "gpt_time_cost": 166.50872659683228}, "convert_vertical_slash_indexes_mergehead": {"input_token": 936, "output_token": 0, "money_cost": 0.00117, "gpt_time_cost": 144.45249605178833, "execute_time": 71.65308022499084}, "batched_rotary_embedding": {"input_token": 567, "output_token": 0, "money_cost": 0.00070875, "gpt_time_cost": 140.26392436027527}, "gelu_and_mul": {"input_token": 1934, "output_token": 0, "money_cost": 0.0024175, "gpt_time_cost": 139.26427030563354, "execute_time": 18.09155297279358}, "paged_attention": {"input_token": 551, "output_token": 0, "money_cost": 0.00068875, "gpt_time_cost": 80.98188877105713}, "concat_and_cache_mla": {"input_token": 745, "output_token": 0, "money_cost": 0.00093125, "gpt_time_cost": 128.06880068778992}, "awq_gemm": {"input_token": 583, "output_token": 0, "money_cost": 0.00072875, "gpt_time_cost": 133.16017365455627, "execute_time": 2.2183289527893066}, "gptq_gemm": {"input_token": 465, "output_token": 0, "money_cost": 0.0005812500000000001, "gpt_time_cost": 145.92179703712463, "execute_time": 2.2438302040100098}, "dynamic_per_token_scaled_fp8_quant": {"execute_time": 284.7839529514313}, "sgl_moe_align_block_size": {"execute_time": 36.31781005859375}, "paged_attention_v2": {"input_token": 1068, "output_token": 0, "money_cost": 0.001335, "gpt_time_cost": 133.39188885688782, "execute_time": 87.85142612457275}, "moe_wna16_gemm": {"input_token": 1188, "output_token": 0, "money_cost": 0.001485, "gpt_time_cost": 156.27158999443054, "execute_time": 19.9093599319458}, "cutlass_scaled_sparse_mm": {"input_token": 696, "output_token": 0, "money_cost": 0.00087, "gpt_time_cost": 132.586097240448}, "dynamic_scaled_int8_quant": {"execute_time": 100.43594741821289}, "reshape_and_cache": {"input_token": 466, "output_token": 0, "money_cost": 0.0005825, "gpt_time_cost": 131.21282577514648}, "aqlm_gemm": {"input_token": 589, "output_token": 0, "money_cost": 0.0007362499999999999, "gpt_time_cost": 172.59665942192078, "execute_time": 2.167163372039795}, "awq_dequantize": {"input_token": 548, "output_token": 0, "money_cost": 0.0006850000000000001, "gpt_time_cost": 388.9679682254791, "execute_time": 17.90508532524109}, "marlin_qqq_gemm": {"input_token": 543, "output_token": 0, "money_cost": 0.0006787500000000001, "gpt_time_cost": 183.84856009483337, "execute_time": 0.2815742492675781}, "gptq_marlin_24_gemm": {"input_token": 522, "output_token": 0, "money_cost": 0.0006525000000000001, "gpt_time_cost": 141.5785539150238, "execute_time": 2.650587558746338}, "allspark_w8a16_gemm": {"input_token": 493, "output_token": 0, "money_cost": 0.00061625, "gpt_time_cost": 184.50933456420898, "execute_time": 2.543752908706665}, "gather_cache": {"input_token": 603, "output_token": 0, "money_cost": 0.00075375, "gpt_time_cost": 93.46430945396423}, "swap_blocks": {"execute_time": 109.16168022155762}, "paged_attention_v1": {"input_token": 864, "output_token": 0, "money_cost": 0.00108, "gpt_time_cost": 140.94429636001587}, "total": {"input_token": 17266, "output_token": 0, "money_cost": 0.0215825, "time_cost": 6107.004407167435}}