{"vecquant8matmul_batched_faster_old": {"input_token": 116, "output_token": 0, "money_cost": 0.000145, "gpt_time_cost": 179.48303508758545, "execute_time": 111.49541664123535}, "total": {"input_token": 0, "output_token": 0, "money_cost": 0.0, "time_cost": 398.51876735687256}}