{
    "cutlass_scaled_mm_supports_block_fp8": {
        "input_token": 507,
        "output_token": 0,
        "money_cost": 0.00063375,
        "gpt_time_cost": 149.8640718460083,
        "execute_time": 29.700406789779663
    },
    "total": {
        "input_token": 507,
        "output_token": 0,
        "money_cost": 0.00063375,
        "time_cost": 194.25100183486938
    }
}