{"vecquant8matmul_batched_faster_old": {"input_token": 111, "output_token": 0, "money_cost": 0.00013875, "gpt_time_cost": 191.3097641468048, "execute_time": 18.96024990081787}, "total": {"input_token": 0, "output_token": 0, "money_cost": 0.0, "time_cost": 227.6283733844757}}