{"vecquant8matmul_batched_faster_old": {"input_token": 140, "output_token": 0, "money_cost": 0.00017500000000000003, "gpt_time_cost": 202.66805481910706, "execute_time": 7.13246488571167}, "total": {"input_token": 0, "output_token": 0, "money_cost": 0.0, "time_cost": 215.90941214561462}}