{"vecquant8matmul_batched_faster_old": {"input_token": 125, "output_token": 0, "money_cost": 0.00015625, "gpt_time_cost": 141.89108729362488, "execute_time": 37.650450706481934}, "total": {"input_token": 0, "output_token": 0, "money_cost": 0.0, "time_cost": 209.09412670135498}}