{
    "swap_blocks": {
        "execute_time": 53.98686456680298
    },
    "advance_step_flashattn": {
        "execute_time": 24.240972757339478
    },
    "cutlass_scaled_mm_supports_fp8": {
        "execute_time": 29.933981895446777
    },
    "cutlass_scaled_mm_supports_fp4": {
        "execute_time": 7.295028209686279
    },
    "cutlass_scaled_mm_supports_block_fp8": {
        "execute_time": 32.318976163864136
    },
    "total": {
        "input_token": 0,
        "output_token": 0,
        "money_cost": 0.0,
        "time_cost": 222.96760153770447
    }
}