{"vecquant8matmul_batched_faster_old": {"input_token": 106, "output_token": 0, "money_cost": 0.0001325, "gpt_time_cost": 163.46867680549622, "execute_time": 19.041626930236816}, "total": {"input_token": 0, "output_token": 0, "money_cost": 0.0, "time_cost": 182.51153182983398}}