{"dynamic_scaled_fp8_quant": {"execute_time": 59.117801666259766}, "convert_vertical_slash_indexes_mergehead": {"input_token": 983, "output_token": 0, "money_cost": 0.00122875, "gpt_time_cost": 145.82403302192688, "execute_time": 24.81510281562805}, "marlin_qqq_gemm": {"execute_time": 122.19944739341736}, "swap_blocks": {"execute_time": 40.3963897228241}, "advance_step_flashattn": {"execute_time": 24.085166215896606}, "gather_cache": {"input_token": 650, "output_token": 0, "money_cost": 0.0008125000000000001, "gpt_time_cost": 125.66236472129822}, "paged_attention_v2": {"input_token": 1115, "output_token": 0, "money_cost": 0.00139375, "gpt_time_cost": 165.83280897140503}, "cutlass_scaled_sparse_mm": {"execute_time": 33.54474663734436}, "dynamic_per_token_scaled_fp8_quant": {"execute_time": 51.03698754310608}, "concat_and_cache_mla": {"input_token": 792, "output_token": 0, "money_cost": 0.00099, "gpt_time_cost": 123.11832046508789}, "cutlass_scaled_fp4_mm": {"input_token": 722, "output_token": 0, "money_cost": 0.0009025, "gpt_time_cost": 223.61313343048096, "execute_time": 1.9311904907226562e-05}, "paged_attention": {"input_token": 598, "output_token": 0, "money_cost": 0.0007475, "gpt_time_cost": 161.60055136680603, "execute_time": 22.53098177909851}, "reshape_and_cache": {"input_token": 513, "output_token": 0, "money_cost": 0.00064125, "gpt_time_cost": 94.80257534980774}, "cutlass_scaled_mm_supports_fp4": {"input_token": 487, "output_token": 0, "money_cost": 0.00060875, "gpt_time_cost": 136.61631631851196, "execute_time": 1.6689300537109375e-05}, "allspark_w8a16_gemm": {"input_token": 540, "output_token": 0, "money_cost": 0.000675, "gpt_time_cost": 200.53884506225586, "execute_time": 84.37035036087036}, "scaled_fp4_quant": {"input_token": 607, "output_token": 0, "money_cost": 0.00075875, "gpt_time_cost": 216.35360860824585, "execute_time": 2.0265579223632812e-05}, "awq_dequantize": {"execute_time": 70.29305696487427}, "static_scaled_fp8_quant": {"execute_time": 36.13519835472107}, "gptq_marlin_gemm": {"input_token": 570, "output_token": 0, "money_cost": 0.0007124999999999999, "gpt_time_cost": 165.79812359809875, "execute_time": 58.52437376976013}, "aqlm_dequant": {"execute_time": 69.58541631698608}, "batched_rotary_embedding": {"input_token": 614, "output_token": 0, "money_cost": 0.0007675, "gpt_time_cost": 169.15920495986938}, "paged_attention_v1": {"input_token": 911, "output_token": 0, "money_cost": 0.00113875, "gpt_time_cost": 166.39095950126648}, "static_scaled_int8_quant": {"input_token": 699, "output_token": 0, "money_cost": 0.00087375, "gpt_time_cost": 159.33782196044922}, "convert_vertical_slash_indexes": {"input_token": 1064, "output_token": 0, "money_cost": 0.00133, "gpt_time_cost": 302.3556818962097, "execute_time": 24.273220539093018}, "merge_attn_states": {"input_token": 741, "output_token": 0, "money_cost": 0.00092625, "gpt_time_cost": 132.26636624336243}, "cutlass_scaled_mm": {"input_token": 503, "output_token": 0, "money_cost": 0.00062875, "gpt_time_cost": 206.6798803806305, "execute_time": 1.9311904907226562e-05}, "gptq_marlin_24_gemm": {"execute_time": 55.15170955657959}, "total": {"input_token": 12109, "output_token": 0, "money_cost": 0.01513625, "time_cost": 4973.632782697678}}