{
    "vecquant2matmul": {
        "input_token": 110,
        "output_token": 0,
        "money_cost": 0.0001375,
        "gpt_time_cost": 105.75752592086792
    },
    "vecquant4matmul": {
        "input_token": 110,
        "output_token": 0,
        "money_cost": 0.0001375,
        "gpt_time_cost": 103.23664665222168
    },
    "vecquant3matmul": {
        "input_token": 110,
        "output_token": 0,
        "money_cost": 0.0001375,
        "gpt_time_cost": 86.52853727340698
    },
    "total": {
        "input_token": 0,
        "output_token": 0,
        "money_cost": 0.0,
        "time_cost": 311.03928112983704
    }
}