{"cutlass_scaled_mm_supports_fp4": {"execute_time": 11.344630241394043}, "swap_blocks": {"execute_time": 34.69129681587219}, "cutlass_scaled_mm_supports_block_fp8": {"execute_time": 34.371222496032715}, "advance_step_flashattn": {"execute_time": 22.075475215911865}, "cutlass_scaled_mm_supports_fp8": {"execute_time": 33.73619365692139}, "total": {"input_token": 0, "output_token": 0, "money_cost": 0.0, "time_cost": 239.7429177761078}}