{
    "code1x16_matmat_dequant": {
        "input_token": 155,
        "output_token": 0,
        "money_cost": 0.00019375,
        "gpt_time_cost": 142.50819039344788,
        "execute_time": 94.43027639389038
    },
    "code2x8_matmat_dequant_transposed": {
        "input_token": 157,
        "output_token": 0,
        "money_cost": 0.00019625,
        "gpt_time_cost": 135.6535940170288,
        "execute_time": 93.36790609359741
    },
    "code1x8_matmat_dequant_transposed": {
        "input_token": 157,
        "output_token": 0,
        "money_cost": 0.00019625,
        "gpt_time_cost": 158.98317790031433,
        "execute_time": 95.7486891746521
    },
    "code2x8_dequant": {
        "input_token": 153,
        "output_token": 0,
        "money_cost": 0.00019125000000000001,
        "gpt_time_cost": 149.4210021495819,
        "execute_time": 91.21978306770325
    },
    "code1x16_matmat": {
        "input_token": 153,
        "output_token": 0,
        "money_cost": 0.00019125000000000001,
        "gpt_time_cost": 159.65263748168945,
        "execute_time": 87.34542417526245
    },
    "code1x8_dequant": {
        "input_token": 153,
        "output_token": 0,
        "money_cost": 0.00019125000000000001,
        "gpt_time_cost": 165.20439076423645,
        "execute_time": 89.27087736129761
    },
    "code1x16_matmat_dequant_transposed": {
        "input_token": 157,
        "output_token": 0,
        "money_cost": 0.00019625,
        "gpt_time_cost": 154.88362526893616,
        "execute_time": 87.23430848121643
    },
    "code1x16_dequant": {
        "input_token": 153,
        "output_token": 0,
        "money_cost": 0.00019125000000000001,
        "gpt_time_cost": 152.162695646286,
        "execute_time": 93.75747656822205
    },
    "code2x8_matmat": {
        "input_token": 153,
        "output_token": 0,
        "money_cost": 0.00019125000000000001,
        "gpt_time_cost": 127.92682957649231,
        "execute_time": 89.86077618598938
    },
    "code2x8_matmat_dequant": {
        "input_token": 155,
        "output_token": 0,
        "money_cost": 0.00019375,
        "gpt_time_cost": 151.8713414669037,
        "execute_time": 93.83559465408325
    },
    "total": {
        "input_token": 0,
        "output_token": 0,
        "money_cost": 0.0,
        "time_cost": 2501.590329647064
    }
}