{"vecquant8matmul_batched_faster_old": {"input_token": 109, "output_token": 0, "money_cost": 0.00013625, "gpt_time_cost": 285.34509444236755, "execute_time": 31.347976684570312}, "total": {"input_token": 0, "output_token": 0, "money_cost": 0.0, "time_cost": 471.64667439460754}}