{"vecquant8matmul_batched_faster_old": {"input_token": 117, "output_token": 0, "money_cost": 0.00014625, "gpt_time_cost": 93.60253810882568, "execute_time": 280.73862528800964}, "total": {"input_token": 0, "output_token": 0, "money_cost": 0.0, "time_cost": 643.0298428535461}}