{"merge_attn_states": {"input_token": 663, "output_token": 0, "money_cost": 0.0008287500000000001, "gpt_time_cost": 80.15460872650146}, "cutlass_scaled_sparse_mm": {"execute_time": 13.41110610961914}, "gelu_quick": {"execute_time": 10.977633237838745}, "cutlass_scaled_mm": {"execute_time": 26.903642416000366}, "marlin_gemm": {"execute_time": 10.744563579559326}, "marlin_qqq_gemm": {"execute_time": 26.641066074371338}, "aqlm_dequant": {"execute_time": 11.570624589920044}, "static_scaled_fp8_quant": {"execute_time": 11.335939645767212}, "scaled_fp4_quant": {"execute_time": 7.485138654708862}, "dynamic_per_token_scaled_fp8_quant": {"execute_time": 15.149776220321655}, "awq_dequantize": {"execute_time": 10.396067142486572}, "gelu_fast": {"execute_time": 8.980668306350708}, "gptq_marlin_24_gemm": {"execute_time": 11.165028810501099}, "static_scaled_int8_quant": {"execute_time": 22.90311908721924}, "gelu_new": {"execute_time": 9.920822620391846}, "dynamic_scaled_fp8_quant": {"execute_time": 24.180804014205933}, "allspark_w8a16_gemm": {"input_token": 462, "output_token": 0, "money_cost": 0.0005775, "gpt_time_cost": 214.25261664390564, "execute_time": 2.5272369384765625e-05}, "dynamic_scaled_int8_quant": {"execute_time": 25.529536247253418}, "advance_step_flashattn": {"execute_time": 11.160378456115723}, "cutlass_scaled_fp4_mm": {"execute_time": 6.831443786621094}, "gptq_marlin_gemm": {"input_token": 492, "output_token": 0, "money_cost": 0.000615, "gpt_time_cost": 222.78252840042114, "execute_time": 12.454634666442871}, "aqlm_gemm": {"execute_time": 11.899954319000244}, "reshape_and_cache": {"input_token": 435, "output_token": 0, "money_cost": 0.00054375, "gpt_time_cost": 112.72036123275757}, "paged_attention": {"input_token": 520, "output_token": 0, "money_cost": 0.0006500000000000001, "gpt_time_cost": 81.87956190109253}, "paged_attention_v2": {"input_token": 1037, "output_token": 0, "money_cost": 0.0012962499999999999, "gpt_time_cost": 152.96887612342834}, "convert_vertical_slash_indexes": {"input_token": 986, "output_token": 0, "money_cost": 0.0012325, "gpt_time_cost": 293.5479190349579, "execute_time": 10.793389797210693}, "gptq_gemm": {"execute_time": 12.513829946517944}, "paged_attention_v1": {"input_token": 833, "output_token": 0, "money_cost": 0.00104125, "gpt_time_cost": 151.13944244384766}, "cutlass_scaled_mm_supports_fp4": {"execute_time": 48.23257756233215}, "concat_and_cache_mla": {"input_token": 714, "output_token": 0, "money_cost": 0.0008925, "gpt_time_cost": 162.33333253860474}, "convert_vertical_slash_indexes_mergehead": {"input_token": 905, "output_token": 0, "money_cost": 0.00113125, "gpt_time_cost": 260.5662660598755, "execute_time": 9.9278244972229}, "awq_gemm": {"execute_time": 10.90968108177185}, "swap_blocks": {"execute_time": 17.684590816497803}, "gather_cache": {"input_token": 572, "output_token": 0, "money_cost": 0.0007149999999999999, "gpt_time_cost": 121.45690202713013}, "total": {"input_token": 7619, "output_token": 0, "money_cost": 0.00952375, "time_cost": 2487.6766068935394}}