{"vecquant8matmul_batched_faster_old": {"input_token": 110, "output_token": 0, "money_cost": 0.0001375, "gpt_time_cost": 177.84055948257446, "execute_time": 32.5512490272522}, "total": {"input_token": 0, "output_token": 0, "money_cost": 0.0, "time_cost": 238.46693801879883}}