{"marlin_qqq_gemm": {"input_token": 569, "output_token": 0, "money_cost": 0.00071125, "gpt_time_cost": 222.6454677581787, "execute_time": 0.2095177173614502}, "gptq_marlin_24_gemm": {"execute_time": 54.375131607055664}, "marlin_gemm": {"execute_time": 55.56008744239807}, "gptq_gemm": {"execute_time": 56.35813355445862}, "static_scaled_fp8_quant": {"execute_time": 28.30682134628296}, "dynamic_per_token_scaled_fp8_quant": {"input_token": 837, "output_token": 0, "money_cost": 0.00104625, "gpt_time_cost": 151.02559328079224, "execute_time": 0.22844219207763672}, "dynamic_scaled_int8_quant": {"input_token": 767, "output_token": 0, "money_cost": 0.0009587500000000001, "gpt_time_cost": 181.54188680648804, "execute_time": 482.58182430267334}, "static_scaled_int8_quant": {"input_token": 678, "output_token": 0, "money_cost": 0.0008475000000000001, "gpt_time_cost": 271.3876874446869, "execute_time": 1.9311904907226562e-05}, "awq_dequantize": {"execute_time": 71.17822980880737}, "cutlass_scaled_sparse_mm": {"input_token": 722, "output_token": 0, "money_cost": 0.0009025, "gpt_time_cost": 227.051903963089, "execute_time": 1.7642974853515625e-05}, "reshape_and_cache": {"input_token": 492, "output_token": 0, "money_cost": 0.000615, "gpt_time_cost": 126.1676754951477, "execute_time": 23.691799640655518}, "scaled_fp4_quant": {"execute_time": 10.16791820526123}, "gptq_marlin_gemm": {"input_token": 549, "output_token": 0, "money_cost": 0.0006862500000000001, "gpt_time_cost": 184.4878158569336, "execute_time": 60.843642711639404}, "swap_blocks": {"execute_time": 26.146876335144043}, "awq_gemm": {"execute_time": 71.2363965511322}, "paged_attention_v2": {"input_token": 1094, "output_token": 0, "money_cost": 0.0013675000000000002, "gpt_time_cost": 240.2861523628235, "execute_time": 35.7250292301178}, "gather_cache": {"input_token": 629, "output_token": 0, "money_cost": 0.0007862500000000001, "gpt_time_cost": 110.77302312850952}, "merge_attn_states": {"input_token": 720, "output_token": 0, "money_cost": 0.0009, "gpt_time_cost": 119.11217093467712, "execute_time": 35.00560545921326}, "convert_vertical_slash_indexes_mergehead": {"input_token": 962, "output_token": 0, "money_cost": 0.0012025, "gpt_time_cost": 243.88017773628235, "execute_time": 21.020071029663086}, "cutlass_scaled_mm_supports_fp8": {"execute_time": 29.197829246520996}, "cutlass_scaled_mm_supports_fp4": {"execute_time": 7.736248970031738}, "cutlass_scaled_mm_supports_block_fp8": {"execute_time": 33.57636499404907}, "aqlm_dequant": {"execute_time": 78.31202912330627}, "cutlass_scaled_fp4_mm": {"execute_time": 8.86423945426941}, "dynamic_scaled_fp8_quant": {"execute_time": 28.5381281375885}, "batched_rotary_embedding": {"input_token": 593, "output_token": 0, "money_cost": 0.0007412499999999999, "gpt_time_cost": 120.7910041809082}, "paged_attention_v1": {"input_token": 890, "output_token": 0, "money_cost": 0.0011125, "gpt_time_cost": 150.53053832054138, "execute_time": 21.958702564239502}, "allspark_w8a16_gemm": {"input_token": 519, "output_token": 0, "money_cost": 0.00064875, "gpt_time_cost": 259.74927830696106, "execute_time": 85.47091913223267}, "paged_attention": {"input_token": 577, "output_token": 0, "money_cost": 0.00072125, "gpt_time_cost": 201.02192568778992, "execute_time": 22.03934621810913}, "aqlm_gemm": {"execute_time": 54.15898060798645}, "total": {"input_token": 10598, "output_token": 0, "money_cost": 0.013247500000000002, "time_cost": 4585.3555817604065}}