{"marlin_qqq_gemm": {"input_token": 515, "output_token": 0, "money_cost": 0.00064375, "gpt_time_cost": 148.8412220478058, "execute_time": 0.39837217330932617}, "gptq_marlin_24_gemm": {"execute_time": 11.952385425567627}, "marlin_gemm": {"execute_time": 10.91790246963501}, "gptq_gemm": {"execute_time": 11.280997514724731}, "static_scaled_fp8_quant": {"execute_time": 12.071198463439941}, "dynamic_per_token_scaled_fp8_quant": {"execute_time": 12.790459156036377}, "dynamic_scaled_int8_quant": {"execute_time": 22.13978934288025}, "cutlass_scaled_mm": {"execute_time": 18.4211585521698}, "static_scaled_int8_quant": {"execute_time": 23.78297710418701}, "awq_dequantize": {"execute_time": 12.419795513153076}, "cutlass_scaled_sparse_mm": {"input_token": 668, "output_token": 0, "money_cost": 0.000835, "gpt_time_cost": 138.80179262161255}, "reshape_and_cache": {"input_token": 438, "output_token": 0, "money_cost": 0.0005475, "gpt_time_cost": 128.77669835090637, "execute_time": 10.640014171600342}, "scaled_fp4_quant": {"execute_time": 7.446219205856323}, "gptq_marlin_gemm": {"input_token": 495, "output_token": 0, "money_cost": 0.00061875, "gpt_time_cost": 166.20310926437378, "execute_time": 12.313888311386108}, "swap_blocks": {"execute_time": 12.923636436462402}, "awq_gemm": {"execute_time": 12.463259935379028}, "paged_attention_v2": {"input_token": 1040, "output_token": 0, "money_cost": 0.0013000000000000002, "gpt_time_cost": 84.744069814682, "execute_time": 14.741627931594849}, "gelu_quick": {"input_token": 376, "output_token": 0, "money_cost": 0.00047, "gpt_time_cost": 199.64965677261353, "execute_time": 4.498710870742798}, "gather_cache": {"input_token": 575, "output_token": 0, "money_cost": 0.00071875, "gpt_time_cost": 99.49450063705444}, "gelu_fast": {"input_token": 376, "output_token": 0, "money_cost": 0.00047, "gpt_time_cost": 162.520277261734, "execute_time": 10.535362958908081}, "merge_attn_states": {"input_token": 666, "output_token": 0, "money_cost": 0.0008325, "gpt_time_cost": 69.20621991157532, "execute_time": 16.430651426315308}, "convert_vertical_slash_indexes_mergehead": {"input_token": 908, "output_token": 0, "money_cost": 0.0011350000000000002, "gpt_time_cost": 148.84935927391052}, "cutlass_scaled_mm_supports_fp8": {"execute_time": 10.101986408233643}, "cutlass_scaled_mm_supports_fp4": {"execute_time": 7.98578953742981}, "cutlass_scaled_mm_supports_block_fp8": {"execute_time": 11.986961841583252}, "aqlm_dequant": {"execute_time": 12.337489366531372}, "cutlass_scaled_fp4_mm": {"execute_time": 7.4048144817352295}, "dynamic_scaled_fp8_quant": {"execute_time": 12.237208843231201}, "paged_attention_v1": {"input_token": 836, "output_token": 0, "money_cost": 0.001045, "gpt_time_cost": 100.98120927810669, "execute_time": 10.792271375656128}, "allspark_w8a16_gemm": {"input_token": 465, "output_token": 0, "money_cost": 0.0005812500000000001, "gpt_time_cost": 225.8725025653839, "execute_time": 0.2808852195739746}, "paged_attention": {"input_token": 523, "output_token": 0, "money_cost": 0.00065375, "gpt_time_cost": 170.9295642375946}, "aqlm_gemm": {"execute_time": 13.720301389694214}, "total": {"input_token": 7881, "output_token": 0, "money_cost": 0.009851249999999999, "time_cost": 2348.547123193741}}