{"marlin_qqq_gemm": {"input_token": 502, "output_token": 0, "money_cost": 0.0006275, "gpt_time_cost": 178.7818524837494, "execute_time": 0.22568631172180176}, "gptq_marlin_24_gemm": {"execute_time": 33.02988934516907}, "marlin_gemm": {"execute_time": 54.61439323425293}, "gptq_gemm": {"execute_time": 49.78556847572327}, "static_scaled_fp8_quant": {"execute_time": 197.8532977104187}, "dynamic_per_token_scaled_fp8_quant": {"input_token": 770, "output_token": 0, "money_cost": 0.0009625, "gpt_time_cost": 152.44483137130737, "execute_time": 20.43926692008972}, "dynamic_scaled_int8_quant": {"execute_time": 129.85624074935913}, "cutlass_scaled_mm": {"execute_time": 117.34633731842041}, "static_scaled_int8_quant": {"input_token": 611, "output_token": 0, "money_cost": 0.00076375, "gpt_time_cost": 169.07173085212708, "execute_time": 144.56092309951782}, "awq_dequantize": {"execute_time": 31.393982410430908}, "cutlass_scaled_sparse_mm": {"input_token": 655, "output_token": 0, "money_cost": 0.00081875, "gpt_time_cost": 167.97934579849243, "execute_time": 4.572276830673218}, "reshape_and_cache": {"input_token": 425, "output_token": 0, "money_cost": 0.00053125, "gpt_time_cost": 70.33747220039368, "execute_time": 20.6366069316864}, "scaled_fp4_quant": {"execute_time": 11.044161796569824}, "gptq_marlin_gemm": {"input_token": 482, "output_token": 0, "money_cost": 0.0006025, "gpt_time_cost": 145.96964931488037, "execute_time": 30.71546506881714}, "swap_blocks": {"execute_time": 23.113415718078613}, "awq_gemm": {"execute_time": 33.33455157279968}, "paged_attention_v2": {"input_token": 1027, "output_token": 0, "money_cost": 0.00128375, "gpt_time_cost": 100.6689510345459, "execute_time": 31.07643961906433}, "gather_cache": {"input_token": 562, "output_token": 0, "money_cost": 0.0007025000000000001, "gpt_time_cost": 97.20278072357178}, "merge_attn_states": {"input_token": 653, "output_token": 0, "money_cost": 0.00081625, "gpt_time_cost": 92.11526370048523, "execute_time": 32.28552055358887}, "convert_vertical_slash_indexes_mergehead": {"input_token": 895, "output_token": 0, "money_cost": 0.00111875, "gpt_time_cost": 168.72256517410278, "execute_time": 20.489009141921997}, "cutlass_scaled_mm_supports_fp4": {"execute_time": 10.378010511398315}, "aqlm_dequant": {"execute_time": 34.93750333786011}, "gelu_and_mul": {"input_token": 399, "output_token": 0, "money_cost": 0.0004987500000000001, "gpt_time_cost": 206.34501361846924}, "cutlass_scaled_fp4_mm": {"execute_time": 10.698998212814331}, "batched_rotary_embedding": {"input_token": 526, "output_token": 0, "money_cost": 0.0006575, "gpt_time_cost": 154.91394710540771}, "paged_attention_v1": {"input_token": 823, "output_token": 0, "money_cost": 0.00102875, "gpt_time_cost": 146.27357244491577, "execute_time": 20.946681261062622}, "allspark_w8a16_gemm": {"input_token": 452, "output_token": 0, "money_cost": 0.0005650000000000001, "gpt_time_cost": 172.63388013839722, "execute_time": 45.087244272232056}, "paged_attention": {"input_token": 510, "output_token": 0, "money_cost": 0.0006375, "gpt_time_cost": 157.34086966514587, "execute_time": 20.64292001724243}, "aqlm_gemm": {"execute_time": 32.063642501831055}, "total": {"input_token": 9292, "output_token": 0, "money_cost": 0.011615, "time_cost": 3680.8949394226074}}