{"marlin_qqq_gemm": {"input_token": 583, "output_token": 0, "money_cost": 0.00072875, "gpt_time_cost": 156.39746928215027, "execute_time": 0.23289990425109863}, "gptq_marlin_24_gemm": {"execute_time": 57.184978723526}, "marlin_gemm": {"execute_time": 129.40275478363037}, "gptq_gemm": {"execute_time": 37.01089572906494}, "static_scaled_fp8_quant": {"execute_time": 37.122825145721436}, "dynamic_per_token_scaled_fp8_quant": {"execute_time": 42.90617489814758}, "dynamic_scaled_int8_quant": {"execute_time": 79.82021999359131}, "cutlass_scaled_mm": {"execute_time": 82.1516227722168}, "static_scaled_int8_quant": {"execute_time": 83.9389979839325}, "awq_dequantize": {"execute_time": 35.809505462646484}, "cutlass_scaled_sparse_mm": {"input_token": 736, "output_token": 0, "money_cost": 0.00092, "gpt_time_cost": 100.79638528823853}, "reshape_and_cache": {"input_token": 506, "output_token": 0, "money_cost": 0.0006325, "gpt_time_cost": 126.99565410614014, "execute_time": 34.476677656173706}, "scaled_fp4_quant": {"execute_time": 12.472984790802002}, "gptq_marlin_gemm": {"input_token": 563, "output_token": 0, "money_cost": 0.00070375, "gpt_time_cost": 153.15482831001282, "execute_time": 35.2507426738739}, "swap_blocks": {"execute_time": 40.27231740951538}, "awq_gemm": {"execute_time": 38.446542501449585}, "gather_cache": {"input_token": 643, "output_token": 0, "money_cost": 0.00080375, "gpt_time_cost": 147.3645761013031}, "merge_attn_states": {"input_token": 734, "output_token": 0, "money_cost": 0.0009175, "gpt_time_cost": 156.9676170349121, "execute_time": 57.877436876297}, "convert_vertical_slash_indexes_mergehead": {"input_token": 976, "output_token": 0, "money_cost": 0.00122, "gpt_time_cost": 195.32611083984375, "execute_time": 31.768386840820312}, "cutlass_scaled_mm_supports_fp8": {"execute_time": 33.38601326942444}, "cutlass_scaled_mm_supports_fp4": {"execute_time": 12.652914762496948}, "cutlass_scaled_mm_supports_block_fp8": {"execute_time": 38.01623463630676}, "aqlm_dequant": {"execute_time": 38.10271143913269}, "cutlass_scaled_fp4_mm": {"execute_time": 12.799239158630371}, "dynamic_scaled_fp8_quant": {"execute_time": 38.37091279029846}, "batched_rotary_embedding": {"input_token": 607, "output_token": 0, "money_cost": 0.00075875, "gpt_time_cost": 184.5920627117157}, "paged_attention_v1": {"input_token": 904, "output_token": 0, "money_cost": 0.0011300000000000001, "gpt_time_cost": 134.31566309928894, "execute_time": 32.17934060096741}, "allspark_w8a16_gemm": {"input_token": 533, "output_token": 0, "money_cost": 0.0006662500000000001, "gpt_time_cost": 196.8116319179535, "execute_time": 1.7881393432617188e-05}, "paged_attention": {"input_token": 591, "output_token": 0, "money_cost": 0.0007387499999999999, "gpt_time_cost": 134.10402131080627, "execute_time": 39.35393738746643}, "aqlm_gemm": {"execute_time": 39.430593729019165}, "total": {"input_token": 7376, "output_token": 0, "money_cost": 0.00922, "time_cost": 3260.728086948395}}