{"vecquant8matmul_batched_faster_old": {"input_token": 104, "output_token": 0, "money_cost": 0.00013, "gpt_time_cost": 154.54933190345764, "execute_time": 18.12563943862915}, "total": {"input_token": 0, "output_token": 0, "money_cost": 0.0, "time_cost": 304.6461236476898}}