{"cutlass_scaled_mm": {"execute_time": 7.891421318054199}, "reshape_and_cache": {"input_token": 409, "output_token": 0, "money_cost": 0.00051125, "gpt_time_cost": 137.80861926078796}, "gptq_gemm": {"execute_time": 6.89001727104187}, "gptq_marlin_24_gemm": {"execute_time": 16.3636691570282}, "dynamic_per_token_scaled_fp8_quant": {"execute_time": 25.131996154785156}, "scaled_fp4_quant": {"execute_time": 14.021655082702637}, "awq_dequantize": {"execute_time": 11.744781970977783}, "allspark_w8a16_gemm": {"input_token": 436, "output_token": 0, "money_cost": 0.000545, "gpt_time_cost": 202.40891218185425, "execute_time": 0.00011658668518066406}, "dynamic_scaled_fp8_quant": {"execute_time": 5.000549077987671}, "paged_attention": {"input_token": 494, "output_token": 0, "money_cost": 0.0006175, "gpt_time_cost": 118.7715802192688}, "gelu_fast": {"input_token": 347, "output_token": 0, "money_cost": 0.00043375, "gpt_time_cost": 174.49824714660645, "execute_time": 5.419996976852417}, "cutlass_scaled_fp4_mm": {"execute_time": 4.877981185913086}, "aqlm_gemm": {"execute_time": 4.960165739059448}, "convert_vertical_slash_indexes": {"input_token": 960, "output_token": 0, "money_cost": 0.0012, "gpt_time_cost": 167.94699692726135, "execute_time": 5.13173246383667}, "aqlm_dequant": {"execute_time": 4.5605762004852295}, "machete_mm": {"execute_time": 4.780287265777588}, "paged_attention_v1": {"input_token": 807, "output_token": 0, "money_cost": 0.00100875, "gpt_time_cost": 172.837495803833, "execute_time": 4.532639503479004}, "gelu_new": {"input_token": 347, "output_token": 0, "money_cost": 0.00043375, "gpt_time_cost": 130.63201665878296, "execute_time": 4.7691709995269775}, "dynamic_scaled_int8_quant": {"execute_time": 5.60993218421936}, "marlin_gemm": {"execute_time": 4.777003765106201}, "cutlass_scaled_mm_supports_block_fp8": {"execute_time": 4.661335706710815}, "marlin_qqq_gemm": {"input_token": 486, "output_token": 0, "money_cost": 0.0006075, "gpt_time_cost": 187.47722029685974, "execute_time": 2.121934652328491}, "gather_cache": {"input_token": 546, "output_token": 0, "money_cost": 0.0006825000000000001, "gpt_time_cost": 73.63126564025879}, "static_scaled_fp8_quant": {"execute_time": 4.577319860458374}, "cutlass_scaled_sparse_mm": {"input_token": 639, "output_token": 0, "money_cost": 0.00079875, "gpt_time_cost": 232.31764483451843, "execute_time": 1.6689300537109375e-05}, "paged_attention_v2": {"input_token": 1011, "output_token": 0, "money_cost": 0.00126375, "gpt_time_cost": 107.266517162323}, "convert_vertical_slash_indexes_mergehead": {"input_token": 879, "output_token": 0, "money_cost": 0.0010987500000000001, "gpt_time_cost": 163.27622437477112, "execute_time": 4.331884384155273}, "merge_attn_states": {"input_token": 637, "output_token": 0, "money_cost": 0.0007962500000000001, "gpt_time_cost": 127.10730195045471}, "concat_and_cache_mla": {"input_token": 688, "output_token": 0, "money_cost": 0.00086, "gpt_time_cost": 107.88046884536743}, "batched_rotary_embedding": {"input_token": 510, "output_token": 0, "money_cost": 0.0006375, "gpt_time_cost": 152.81222128868103}, "awq_gemm": {"execute_time": 4.845082998275757}, "gelu_quick": {"input_token": 347, "output_token": 0, "money_cost": 0.00043375, "gpt_time_cost": 150.20768237113953, "execute_time": 2.0507917404174805}, "cutlass_scaled_mm_supports_fp8": {"execute_time": 4.539124011993408}, "static_scaled_int8_quant": {"execute_time": 5.63200306892395}, "gptq_marlin_gemm": {"input_token": 466, "output_token": 0, "money_cost": 0.0005825, "gpt_time_cost": 201.67715215682983, "execute_time": 4.418661594390869}, "cutlass_scaled_mm_supports_fp4": {"execute_time": 4.401339292526245}, "total": {"input_token": 10009, "output_token": 0, "money_cost": 0.012511249999999998, "time_cost": 2904.0541412830353}}