{"advance_step_flashattn": {"execute_time": 22.70749568939209}, "swap_blocks": {"execute_time": 49.6253981590271}, "total": {"input_token": 0, "output_token": 0, "money_cost": 0.0, "time_cost": 248.36066341400146}}