{"vecquant8matmul_batched_faster_old": {"input_token": 110, "output_token": 0, "money_cost": 0.0001375, "gpt_time_cost": 121.60005927085876, "execute_time": 32.34246587753296}, "total": {"input_token": 0, "output_token": 0, "money_cost": 0.0, "time_cost": 183.35487055778503}}