{"vecquant8matmul_batched_faster_old": {"input_token": 109, "output_token": 0, "money_cost": 0.00013625, "gpt_time_cost": 150.95432925224304, "execute_time": 17.03464651107788}, "vecquant8matmul_batched_column_compression_faster_old": {"input_token": 112, "output_token": 0, "money_cost": 0.00014000000000000001, "gpt_time_cost": 165.92990827560425}, "total": {"input_token": 0, "output_token": 0, "money_cost": 0.0, "time_cost": 350.86106514930725}}