{"vecquant8matmul_batched_faster_old": {"input_token": 123, "output_token": 0, "money_cost": 0.00015375, "gpt_time_cost": 192.05547404289246, "execute_time": 30.618948698043823}, "total": {"input_token": 0, "output_token": 0, "money_cost": 0.0, "time_cost": 251.6606023311615}}