{"vecquant8matmul_batched_faster_old": {"input_token": 135, "output_token": 0, "money_cost": 0.00016875, "gpt_time_cost": 217.6731071472168, "execute_time": 33.781447410583496}, "total": {"input_token": 0, "output_token": 0, "money_cost": 0.0, "time_cost": 284.0250244140625}}