{"dynamic_scaled_fp8_quant": {"execute_time": 57.75550317764282}, "convert_vertical_slash_indexes_mergehead": {"input_token": 995, "output_token": 0, "money_cost": 0.00124375, "gpt_time_cost": 206.05605554580688}, "advance_step_flashattn": {"execute_time": 31.09418535232544}, "gather_cache": {"input_token": 662, "output_token": 0, "money_cost": 0.0008275000000000001, "gpt_time_cost": 112.8699746131897}, "paged_attention_v2": {"input_token": 1127, "output_token": 0, "money_cost": 0.00140875, "gpt_time_cost": 127.3914864063263}, "cutlass_scaled_sparse_mm": {"execute_time": 33.34293293952942}, "dynamic_per_token_scaled_fp8_quant": {"execute_time": 39.840930461883545}, "concat_and_cache_mla": {"input_token": 804, "output_token": 0, "money_cost": 0.001005, "gpt_time_cost": 162.61169981956482, "execute_time": 24.151760578155518}, "cutlass_scaled_fp4_mm": {"input_token": 734, "output_token": 0, "money_cost": 0.0009175, "gpt_time_cost": 198.84430265426636}, "paged_attention": {"input_token": 610, "output_token": 0, "money_cost": 0.0007625, "gpt_time_cost": 143.36313819885254, "execute_time": 25.2978572845459}, "reshape_and_cache": {"input_token": 525, "output_token": 0, "money_cost": 0.00065625, "gpt_time_cost": 86.9776222705841}, "cutlass_scaled_mm_supports_fp4": {"input_token": 499, "output_token": 0, "money_cost": 0.0006237500000000001, "gpt_time_cost": 199.20398139953613, "execute_time": 3.8340816497802734}, "allspark_w8a16_gemm": {"input_token": 552, "output_token": 0, "money_cost": 0.0006900000000000001, "gpt_time_cost": 210.06881070137024, "execute_time": 2.0265579223632812e-05}, "gelu_and_mul": {"input_token": 1993, "output_token": 0, "money_cost": 0.00249125, "gpt_time_cost": 150.07319259643555, "execute_time": 3.5447499752044678}, "gptq_marlin_gemm": {"input_token": 582, "output_token": 0, "money_cost": 0.0007275, "gpt_time_cost": 192.6971435546875, "execute_time": 40.02922248840332}, "batched_rotary_embedding": {"input_token": 626, "output_token": 0, "money_cost": 0.0007825, "gpt_time_cost": 196.22767305374146, "execute_time": 0.49253249168395996}, "paged_attention_v1": {"input_token": 923, "output_token": 0, "money_cost": 0.00115375, "gpt_time_cost": 190.76957082748413, "execute_time": 24.1101815700531}, "topk_softmax": {"execute_time": 36.19128346443176}, "awq_gemm": {"execute_time": 42.396007776260376}, "convert_vertical_slash_indexes": {"input_token": 1076, "output_token": 0, "money_cost": 0.001345, "gpt_time_cost": 188.42367672920227}, "merge_attn_states": {"input_token": 753, "output_token": 0, "money_cost": 0.00094125, "gpt_time_cost": 154.89151287078857}, "aqlm_gemm": {"execute_time": 45.08780360221863}, "total": {"input_token": 12461, "output_token": 0, "money_cost": 0.015576250000000002, "time_cost": 3311.9361317157745}}