{"machete_mm": {"execute_time": 250.8915617465973}, "paged_attention": {"input_token": 644, "output_token": 0, "money_cost": 0.000805, "gpt_time_cost": 116.89268159866333, "execute_time": 81.11699414253235}, "concat_and_cache_mla": {"input_token": 838, "output_token": 0, "money_cost": 0.0010475, "gpt_time_cost": 129.56865549087524}, "gptq_gemm": {"execute_time": 210.31150841712952}, "marlin_gemm": {"execute_time": 284.42277693748474}, "marlin_qqq_gemm": {"input_token": 636, "output_token": 0, "money_cost": 0.000795, "gpt_time_cost": 245.09641528129578, "execute_time": 0.4329562187194824}, "dynamic_scaled_int8_quant": {"execute_time": 1846.6782538890839}, "convert_vertical_slash_indexes_mergehead": {"input_token": 1029, "output_token": 0, "money_cost": 0.0012862499999999999, "gpt_time_cost": 148.8961672782898}, "cutlass_scaled_mm_supports_fp4": {"input_token": 533, "output_token": 0, "money_cost": 0.0006662500000000001, "gpt_time_cost": 84.0700912475586}, "aqlm_dequant": {"execute_time": 682.2830286026001}, "cutlass_scaled_sparse_mm": {"execute_time": 58.34762740135193}, "cutlass_scaled_mm_supports_block_fp8": {"execute_time": 67.6631691455841}, "batched_rotary_embedding": {"input_token": 660, "output_token": 0, "money_cost": 0.0008250000000000001, "gpt_time_cost": 342.8306519985199, "execute_time": 48.197293281555176}, "swap_blocks": {"execute_time": 162.64494466781616}, "static_scaled_int8_quant": {"execute_time": 4373.241021871567}, "dynamic_scaled_fp8_quant": {"execute_time": 67.45961594581604}, "paged_attention_v2": {"input_token": 1161, "output_token": 0, "money_cost": 0.00145125, "gpt_time_cost": 139.08074140548706}, "reshape_and_cache": {"input_token": 559, "output_token": 0, "money_cost": 0.00069875, "gpt_time_cost": 127.23430013656616}, "gptq_marlin_24_gemm": {"execute_time": 222.05436635017395}, "scaled_fp4_quant": {"input_token": 653, "output_token": 0, "money_cost": 0.00081625, "gpt_time_cost": 381.0652723312378, "execute_time": 0.33769822120666504}, "gptq_marlin_gemm": {"input_token": 616, "output_token": 0, "money_cost": 0.00077, "gpt_time_cost": 183.07778072357178, "execute_time": 356.3927583694458}, "awq_gemm": {"execute_time": 826.3114988803864}, "paged_attention_v1": {"input_token": 957, "output_token": 0, "money_cost": 0.00119625, "gpt_time_cost": 117.1773591041565}, "cutlass_scaled_fp4_mm": {"input_token": 768, "output_token": 0, "money_cost": 0.00096, "gpt_time_cost": 184.20318341255188, "execute_time": 0.26732802391052246}, "static_scaled_fp8_quant": {"execute_time": 65.85220980644226}, "dynamic_per_token_scaled_fp8_quant": {"execute_time": 1028.5857245922089}, "cutlass_scaled_mm_supports_fp8": {"execute_time": 69.05028700828552}, "advance_step_flashattn": {"execute_time": 30.290987014770508}, "convert_vertical_slash_indexes": {"input_token": 1110, "output_token": 0, "money_cost": 0.0013875, "gpt_time_cost": 171.7600290775299, "execute_time": 38.3255877494812}, "cutlass_scaled_mm": {"execute_time": 1589.3761653900146}, "awq_dequantize": {"execute_time": 232.44098496437073}, "aqlm_gemm": {"execute_time": 191.19707918167114}, "allspark_w8a16_gemm": {"input_token": 586, "output_token": 0, "money_cost": 0.0007325, "gpt_time_cost": 198.63814425468445, "execute_time": 340.26844906806946}, "total": {"input_token": 10750, "output_token": 0, "money_cost": 0.0134375, "time_cost": 16723.70803618431}}