{"vecquant8matmul_batched_column_compression_faster_old": {"input_token": 119, "output_token": 0, "money_cost": 0.00014874999999999998, "gpt_time_cost": 167.22147369384766, "execute_time": 31.600213766098022}, "total": {"input_token": 0, "output_token": 0, "money_cost": 0.0, "time_cost": 230.28473591804504}}