{"cutlass_scaled_mm_supports_block_fp8": {"input_token": 501, "output_token": 0, "money_cost": 0.00062625, "gpt_time_cost": 161.1209135055542, "execute_time": 6.110702753067017}, "dynamic_scaled_int8_quant": {"input_token": 798, "output_token": 0, "money_cost": 0.0009975000000000001, "gpt_time_cost": 187.55543565750122, "execute_time": 0.25592637062072754}, "cutlass_scaled_mm_supports_fp8": {"input_token": 498, "output_token": 0, "money_cost": 0.0006225, "gpt_time_cost": 132.8204357624054, "execute_time": 7.020141839981079}, "aqlm_dequant": {"input_token": 570, "output_token": 0, "money_cost": 0.0007124999999999999, "gpt_time_cost": 143.88307976722717, "execute_time": 10.934375762939453}, "static_scaled_int8_quant": {"input_token": 709, "output_token": 0, "money_cost": 0.00088625, "gpt_time_cost": 116.25177550315857}, "machete_mm": {"input_token": 558, "output_token": 0, "money_cost": 0.0006975000000000001, "gpt_time_cost": 301.96195125579834, "execute_time": 12.862122058868408}, "marlin_gemm": {"input_token": 563, "output_token": 0, "money_cost": 0.00070375, "gpt_time_cost": 116.55285739898682}, "cutlass_scaled_mm": {"input_token": 513, "output_token": 0, "money_cost": 0.00064125, "gpt_time_cost": 175.87710189819336, "execute_time": 14.320668935775757}, "causal_conv1d_update": {"input_token": 863, "output_token": 0, "money_cost": 0.00107875, "gpt_time_cost": 134.34725213050842}, "awq_dequantize": {"input_token": 605, "output_token": 0, "money_cost": 0.00075625, "gpt_time_cost": 325.23873710632324, "execute_time": 18.95942449569702}, "gptq_marlin_24_gemm": {"input_token": 579, "output_token": 0, "money_cost": 0.00072375, "gpt_time_cost": 181.96581935882568}, "static_scaled_fp8_quant": {"input_token": 959, "output_token": 0, "money_cost": 0.00119875, "gpt_time_cost": 179.19462537765503, "execute_time": 16.917699575424194}, "scaled_fp4_quant": {"input_token": 617, "output_token": 0, "money_cost": 0.00077125, "gpt_time_cost": 164.18333220481873, "execute_time": 2.1457672119140625e-05}, "marlin_qqq_gemm": {"input_token": 600, "output_token": 0, "money_cost": 0.00075, "gpt_time_cost": 164.80115509033203, "execute_time": 0.3233065605163574}, "gptq_gemm": {"input_token": 522, "output_token": 0, "money_cost": 0.0006525000000000001, "gpt_time_cost": 178.50783729553223, "execute_time": 4.607019424438477}, "dynamic_scaled_fp8_quant": {"input_token": 912, "output_token": 0, "money_cost": 0.0011400000000000002, "gpt_time_cost": 139.29433274269104, "execute_time": 4.507651090621948}, "awq_gemm": {"input_token": 640, "output_token": 0, "money_cost": 0.0008, "gpt_time_cost": 86.77393841743469}, "cutlass_scaled_fp4_mm": {"input_token": 732, "output_token": 0, "money_cost": 0.000915, "gpt_time_cost": 225.48971462249756, "execute_time": 0.3254060745239258}, "gptq_marlin_gemm": {"input_token": 580, "output_token": 0, "money_cost": 0.000725, "gpt_time_cost": 172.4548840522766, "execute_time": 4.634247779846191}, "cutlass_scaled_sparse_mm": {"input_token": 753, "output_token": 0, "money_cost": 0.00094125, "gpt_time_cost": 156.52969121932983}, "dynamic_per_token_scaled_fp8_quant": {"input_token": 868, "output_token": 0, "money_cost": 0.001085, "gpt_time_cost": 225.4336245059967, "execute_time": 0.3158237934112549}, "aqlm_gemm": {"input_token": 646, "output_token": 0, "money_cost": 0.0008075000000000001, "gpt_time_cost": 145.55498600006104}, "allspark_w8a16_gemm": {"input_token": 550, "output_token": 0, "money_cost": 0.0006875000000000001, "gpt_time_cost": 158.42671942710876, "execute_time": 2.0503997802734375e-05}, "cutlass_scaled_mm_supports_fp4": {"input_token": 497, "output_token": 0, "money_cost": 0.0006212500000000001, "gpt_time_cost": 107.48962044715881}, "total": {"input_token": 15633, "output_token": 0, "money_cost": 0.01954125, "time_cost": 4533.684611082077}}