{"marlin_gemm": {"execute_time": 139.28846621513367}, "advance_step_flashattn": {"execute_time": 32.700995445251465}, "convert_vertical_slash_indexes": {"input_token": 985, "output_token": 0, "money_cost": 0.00123125, "gpt_time_cost": 231.85853457450867, "execute_time": 31.98197865486145}, "concat_and_cache_mla": {"input_token": 713, "output_token": 0, "money_cost": 0.00089125, "gpt_time_cost": 147.027574300766}, "gptq_gemm": {"execute_time": 66.00734257698059}, "cutlass_scaled_mm_supports_fp8": {"execute_time": 42.50264859199524}, "dynamic_per_token_scaled_fp8_quant": {"execute_time": 599.622302532196}, "aqlm_dequant": {"execute_time": 214.1877782344818}, "awq_gemm": {"execute_time": 238.26395654678345}, "merge_attn_states": {"input_token": 662, "output_token": 0, "money_cost": 0.0008275000000000001, "gpt_time_cost": 114.11848211288452}, "allspark_w8a16_gemm": {"input_token": 461, "output_token": 0, "money_cost": 0.00057625, "gpt_time_cost": 204.67734599113464}, "paged_attention_v2": {"input_token": 1036, "output_token": 0, "money_cost": 0.0012950000000000001, "gpt_time_cost": 169.98142957687378}, "paged_attention": {"input_token": 519, "output_token": 0, "money_cost": 0.00064875, "gpt_time_cost": 152.28830432891846, "execute_time": 29.066835641860962}, "swap_blocks": {"execute_time": 72.05494928359985}, "cutlass_scaled_fp4_mm": {"execute_time": 59.74541401863098}, "dynamic_scaled_int8_quant": {"execute_time": 2320.218839406967}, "static_scaled_fp8_quant": {"execute_time": 40.31949996948242}, "scaled_fp4_quant": {"execute_time": 11.23979115486145}, "cutlass_scaled_sparse_mm": {"execute_time": 37.79647874832153}, "convert_vertical_slash_indexes_mergehead": {"input_token": 904, "output_token": 0, "money_cost": 0.0011300000000000001, "gpt_time_cost": 138.26036667823792}, "cutlass_scaled_mm_supports_fp4": {"execute_time": 12.681305408477783}, "cutlass_scaled_mm_supports_block_fp8": {"execute_time": 37.44775104522705}, "reshape_and_cache": {"input_token": 434, "output_token": 0, "money_cost": 0.0005425, "gpt_time_cost": 97.49267268180847}, "gelu_fast": {"execute_time": 26.94274115562439}, "gather_cache": {"input_token": 571, "output_token": 0, "money_cost": 0.00071375, "gpt_time_cost": 108.83237957954407}, "paged_attention_v1": {"input_token": 832, "output_token": 0, "money_cost": 0.00104, "gpt_time_cost": 164.93200874328613, "execute_time": 30.91690468788147}, "marlin_qqq_gemm": {"execute_time": 141.34332251548767}, "aqlm_gemm": {"execute_time": 57.84126853942871}, "gptq_marlin_24_gemm": {"execute_time": 61.12087321281433}, "awq_dequantize": {"execute_time": 80.70090556144714}, "gptq_marlin_gemm": {"input_token": 491, "output_token": 0, "money_cost": 0.00061375, "gpt_time_cost": 229.20620489120483, "execute_time": 267.21792817115784}, "cutlass_scaled_mm": {"execute_time": 508.1951746940613}, "gelu_new": {"execute_time": 28.106358766555786}, "gelu_quick": {"input_token": 372, "output_token": 0, "money_cost": 0.000465, "gpt_time_cost": 167.48868489265442}, "dynamic_scaled_fp8_quant": {"execute_time": 42.932222843170166}, "static_scaled_int8_quant": {"execute_time": 466.923241853714}, "batched_rotary_embedding": {"input_token": 535, "output_token": 0, "money_cost": 0.0006687500000000001, "gpt_time_cost": 187.2026665210724, "execute_time": 0.36818933486938477}, "total": {"input_token": 8515, "output_token": 0, "money_cost": 0.010643749999999997, "time_cost": 8995.075187921524}}