{"vecquant8matmul_batched_faster_old": {"input_token": 116, "output_token": 0, "money_cost": 0.000145, "gpt_time_cost": 188.31609749794006, "execute_time": 208.40500020980835}, "total": {"input_token": 0, "output_token": 0, "money_cost": 0.0, "time_cost": 627.9084095954895}}