{"gptq_gemm": {"execute_time": 85.16252565383911}, "awq_dequantize": {"execute_time": 37.47891139984131}, "dynamic_scaled_fp8_quant": {"input_token": 2522, "output_token": 0, "money_cost": 0.0031525, "gpt_time_cost": 200.9157361984253, "execute_time": 3.541053056716919}, "aqlm_dequant": {"execute_time": 33.142362117767334}, "scaled_fp4_quant": {"input_token": 2227, "output_token": 0, "money_cost": 0.0027837499999999998, "gpt_time_cost": 288.51768684387207, "execute_time": 2.0742416381835938e-05}, "gptq_marlin_gemm": {"input_token": 2190, "output_token": 0, "money_cost": 0.0027375, "gpt_time_cost": 185.2777898311615, "execute_time": 9.623308420181274}, "dynamic_per_token_scaled_fp8_quant": {"input_token": 2478, "output_token": 0, "money_cost": 0.0030975000000000004, "gpt_time_cost": 270.4842939376831, "execute_time": 0.4059789180755615}, "advance_step_flashattn": {"execute_time": 185.41137433052063}, "swap_blocks": {"execute_time": 172.9168519973755}, "cutlass_scaled_sparse_mm": {"input_token": 2363, "output_token": 0, "money_cost": 0.00295375, "gpt_time_cost": 120.76107621192932}, "cutlass_scaled_mm_supports_fp4": {"input_token": 2107, "output_token": 0, "money_cost": 0.0026337500000000002, "gpt_time_cost": 150.73835229873657, "execute_time": 37.7265784740448}, "cutlass_scaled_mm_supports_fp8": {"input_token": 2108, "output_token": 0, "money_cost": 0.002635, "gpt_time_cost": 178.69846940040588, "execute_time": 7.13438606262207}, "static_scaled_fp8_quant": {"input_token": 2569, "output_token": 0, "money_cost": 0.00321125, "gpt_time_cost": 234.06215476989746, "execute_time": 7.287510633468628}, "cutlass_scaled_mm_supports_block_fp8": {"input_token": 2111, "output_token": 0, "money_cost": 0.0026387500000000005, "gpt_time_cost": 133.27655696868896}, "marlin_gemm": {"input_token": 2173, "output_token": 0, "money_cost": 0.00271625, "gpt_time_cost": 228.5242419242859, "execute_time": 78.88045406341553}, "static_scaled_int8_quant": {"input_token": 2319, "output_token": 0, "money_cost": 0.00289875, "gpt_time_cost": 140.2438497543335}, "awq_gemm": {"execute_time": 271.66746187210083}, "marlin_qqq_gemm": {"input_token": 2210, "output_token": 0, "money_cost": 0.0027625, "gpt_time_cost": 261.1522216796875, "execute_time": 0.38447141647338867}, "aqlm_gemm": {"execute_time": 87.64462852478027}, "gptq_marlin_24_gemm": {"input_token": 2189, "output_token": 0, "money_cost": 0.00273625, "gpt_time_cost": 269.2298400402069, "execute_time": 4.501475095748901}, "cutlass_scaled_fp4_mm": {"input_token": 2342, "output_token": 0, "money_cost": 0.0029275, "gpt_time_cost": 285.021203994751, "execute_time": 12.88612985610962}, "dynamic_scaled_int8_quant": {"input_token": 2408, "output_token": 0, "money_cost": 0.00301, "gpt_time_cost": 231.7271671295166, "execute_time": 0.5347287654876709}, "cutlass_scaled_mm": {"input_token": 2123, "output_token": 0, "money_cost": 0.0026537500000000003, "gpt_time_cost": 140.61915183067322}, "allspark_w8a16_gemm": {"input_token": 2160, "output_token": 0, "money_cost": 0.0027, "gpt_time_cost": 243.06743144989014, "execute_time": 81.96927213668823}, "total": {"input_token": 38599, "output_token": 0, "money_cost": 0.04824875000000001, "time_cost": 5555.75674200058}}