{
    "cutlass_scaled_mm_supports_fp4": {
        "execute_time": 9.044093132019043
    },
    "swap_blocks": {
        "execute_time": 19.657776832580566
    },
    "cutlass_scaled_mm_supports_block_fp8": {
        "execute_time": 14.089849710464478
    },
    "advance_step_flashattn": {
        "execute_time": 13.04938793182373
    },
    "cutlass_scaled_mm_supports_fp8": {
        "execute_time": 16.94449806213379
    },
    "total": {
        "input_token": 0,
        "output_token": 0,
        "money_cost": 0.0,
        "time_cost": 143.4780764579773
    }
}