{"aqlm_dequant": {"execute_time": 84.41670894622803}, "paged_attention": {"input_token": 780, "output_token": 0, "money_cost": 0.0009750000000000001, "gpt_time_cost": 139.97510170936584}, "dynamic_scaled_fp8_quant": {"execute_time": 364.69497871398926}, "marlin_gemm": {"execute_time": 395.465300321579}, "cutlass_scaled_mm": {"execute_time": 1383.0059967041016}, "allspark_w8a16_gemm": {"input_token": 722, "output_token": 0, "money_cost": 0.0009025, "gpt_time_cost": 199.2218279838562, "execute_time": 126.01041460037231}, "cutlass_scaled_fp4_mm": {"input_token": 904, "output_token": 0, "money_cost": 0.0011300000000000001, "gpt_time_cost": 198.98869943618774, "execute_time": 0.4660613536834717}, "awq_gemm": {"execute_time": 157.41189527511597}, "static_scaled_int8_quant": {"execute_time": 950.674164056778}, "gptq_gemm": {"execute_time": 68.62715005874634}, "cutlass_scaled_mm_supports_fp4": {"input_token": 669, "output_token": 0, "money_cost": 0.0008362500000000001, "gpt_time_cost": 74.94571590423584}, "gptq_marlin_gemm": {"input_token": 752, "output_token": 0, "money_cost": 0.00094, "gpt_time_cost": 162.36478447914124, "execute_time": 157.35294008255005}, "batched_rotary_embedding": {"input_token": 796, "output_token": 0, "money_cost": 0.000995, "gpt_time_cost": 162.57077431678772}, "cutlass_scaled_sparse_mm": {"execute_time": 32.29390549659729}, "paged_attention_v1": {"execute_time": 29.244909286499023}, "advance_step_flashattn": {"execute_time": 26.038089275360107}, "convert_vertical_slash_indexes_mergehead": {"input_token": 1165, "output_token": 0, "money_cost": 0.00145625, "gpt_time_cost": 147.07088708877563, "execute_time": 29.988882780075073}, "convert_vertical_slash_indexes": {"input_token": 1246, "output_token": 0, "money_cost": 0.0015575, "gpt_time_cost": 127.56201696395874}, "swap_blocks": {"execute_time": 122.5619113445282}, "scaled_fp4_quant": {"input_token": 789, "output_token": 0, "money_cost": 0.0009862500000000001, "gpt_time_cost": 208.0522096157074, "execute_time": 1.811981201171875e-05}, "dynamic_per_token_scaled_fp8_quant": {"execute_time": 54.9755642414093}, "concat_and_cache_mla": {"input_token": 974, "output_token": 0, "money_cost": 0.0012175, "gpt_time_cost": 109.01198124885559}, "static_scaled_fp8_quant": {"execute_time": 318.09423542022705}, "marlin_qqq_gemm": {"execute_time": 162.49155068397522}, "gptq_marlin_24_gemm": {"execute_time": 131.7129566669464}, "total": {"input_token": 8797, "output_token": 0, "money_cost": 0.010996250000000003, "time_cost": 6723.306936979294}}