{"cutlass_scaled_mm": {"execute_time": 142.12652397155762}, "reshape_and_cache": {"input_token": 483, "output_token": 0, "money_cost": 0.00060375, "gpt_time_cost": 125.42982840538025}, "gptq_gemm": {"execute_time": 9.277132272720337}, "gptq_marlin_24_gemm": {"execute_time": 90.39184403419495}, "dynamic_per_token_scaled_fp8_quant": {"execute_time": 22.437034368515015}, "scaled_fp4_quant": {"execute_time": 17.897258281707764}, "awq_dequantize": {"input_token": 565, "output_token": 0, "money_cost": 0.00070625, "gpt_time_cost": 209.97612500190735, "execute_time": 11.996390104293823}, "allspark_w8a16_gemm": {"input_token": 510, "output_token": 0, "money_cost": 0.0006375, "gpt_time_cost": 207.34692692756653}, "dynamic_scaled_fp8_quant": {"execute_time": 97.01212334632874}, "paged_attention": {"input_token": 568, "output_token": 0, "money_cost": 0.0007099999999999999, "gpt_time_cost": 74.50962257385254}, "gelu_fast": {"execute_time": 8.972212076187134}, "cutlass_scaled_fp4_mm": {"execute_time": 6.862645149230957}, "aqlm_gemm": {"execute_time": 7.843594074249268}, "convert_vertical_slash_indexes": {"input_token": 1034, "output_token": 0, "money_cost": 0.0012925, "gpt_time_cost": 273.7878897190094, "execute_time": 47.79420280456543}, "aqlm_dequant": {"execute_time": 19.2915461063385}, "machete_mm": {"execute_time": 65.59187078475952}, "paged_attention_v1": {"input_token": 881, "output_token": 0, "money_cost": 0.00110125, "gpt_time_cost": 159.22831988334656, "execute_time": 52.686119556427}, "dynamic_scaled_int8_quant": {"execute_time": 70.48843121528625}, "marlin_gemm": {"execute_time": 75.547611951828}, "cutlass_scaled_mm_supports_block_fp8": {"execute_time": 31.970178365707397}, "marlin_qqq_gemm": {"input_token": 560, "output_token": 0, "money_cost": 0.0007000000000000001, "gpt_time_cost": 168.82957482337952, "execute_time": 43.85648250579834}, "gather_cache": {"input_token": 620, "output_token": 0, "money_cost": 0.000775, "gpt_time_cost": 112.59856462478638}, "static_scaled_fp8_quant": {"execute_time": 63.84377574920654}, "cutlass_scaled_sparse_mm": {"input_token": 713, "output_token": 0, "money_cost": 0.00089125, "gpt_time_cost": 204.73071765899658, "execute_time": 25.507888793945312}, "convert_vertical_slash_indexes_mergehead": {"input_token": 953, "output_token": 0, "money_cost": 0.00119125, "gpt_time_cost": 417.64778184890747, "execute_time": 17.104157209396362}, "merge_attn_states": {"input_token": 711, "output_token": 0, "money_cost": 0.00088875, "gpt_time_cost": 119.11260604858398}, "concat_and_cache_mla": {"input_token": 762, "output_token": 0, "money_cost": 0.0009525, "gpt_time_cost": 129.07054710388184}, "batched_rotary_embedding": {"input_token": 584, "output_token": 0, "money_cost": 0.00073, "gpt_time_cost": 190.29024481773376, "execute_time": 23.256298303604126}, "awq_gemm": {"execute_time": 7.366302251815796}, "gelu_quick": {"input_token": 421, "output_token": 0, "money_cost": 0.00052625, "gpt_time_cost": 155.37799048423767}, "cutlass_scaled_mm_supports_fp8": {"execute_time": 40.8938684463501}, "static_scaled_int8_quant": {"execute_time": 118.50020432472229}, "gptq_marlin_gemm": {"input_token": 540, "output_token": 0, "money_cost": 0.000675, "gpt_time_cost": 163.5208752155304, "execute_time": 11.859879493713379}, "cutlass_scaled_mm_supports_fp4": {"execute_time": 15.300171852111816}, "total": {"input_token": 9905, "output_token": 0, "money_cost": 0.012381250000000002, "time_cost": 4331.764718770981}}