{"machete_mm": {"execute_time": 21.1095130443573}, "paged_attention": {"input_token": 522, "output_token": 0, "money_cost": 0.0006525000000000001, "gpt_time_cost": 142.25348687171936, "execute_time": 47.612239599227905}, "concat_and_cache_mla": {"input_token": 716, "output_token": 0, "money_cost": 0.000895, "gpt_time_cost": 127.11692333221436}, "gptq_gemm": {"execute_time": 32.341960430145264}, "marlin_gemm": {"execute_time": 18.575050830841064}, "marlin_qqq_gemm": {"execute_time": 38.77394509315491}, "dynamic_scaled_int8_quant": {"execute_time": 51.41685891151428}, "convert_vertical_slash_indexes_mergehead": {"input_token": 907, "output_token": 0, "money_cost": 0.00113375, "gpt_time_cost": 153.38170266151428}, "cutlass_scaled_mm_supports_fp4": {"execute_time": 8.426339864730835}, "aqlm_dequant": {"execute_time": 19.352438926696777}, "cutlass_scaled_sparse_mm": {"execute_time": 15.045197248458862}, "cutlass_scaled_mm_supports_block_fp8": {"execute_time": 15.197746515274048}, "batched_rotary_embedding": {"input_token": 538, "output_token": 0, "money_cost": 0.0006725, "gpt_time_cost": 183.72702407836914, "execute_time": 77.62440609931946}, "swap_blocks": {"execute_time": 53.53822898864746}, "static_scaled_int8_quant": {"input_token": 623, "output_token": 0, "money_cost": 0.00077875, "gpt_time_cost": 130.04170393943787}, "dynamic_scaled_fp8_quant": {"execute_time": 36.982115745544434}, "paged_attention_v2": {"input_token": 1039, "output_token": 0, "money_cost": 0.00129875, "gpt_time_cost": 166.72324323654175}, "reshape_and_cache": {"input_token": 437, "output_token": 0, "money_cost": 0.00054625, "gpt_time_cost": 112.01294445991516}, "gptq_marlin_24_gemm": {"execute_time": 299.846892118454}, "scaled_fp4_quant": {"execute_time": 29.45058798789978}, "merge_attn_states": {"input_token": 665, "output_token": 0, "money_cost": 0.0008312500000000001, "gpt_time_cost": 107.94461822509766}, "gptq_marlin_gemm": {"input_token": 494, "output_token": 0, "money_cost": 0.0006175, "gpt_time_cost": 169.94379091262817, "execute_time": 0.2704160213470459}, "awq_gemm": {"execute_time": 288.05788803100586}, "paged_attention_v1": {"input_token": 835, "output_token": 0, "money_cost": 0.00104375, "gpt_time_cost": 236.9226279258728, "execute_time": 33.31475615501404}, "cutlass_scaled_fp4_mm": {"execute_time": 15.849782705307007}, "static_scaled_fp8_quant": {"execute_time": 190.70932745933533}, "dynamic_per_token_scaled_fp8_quant": {"execute_time": 366.0215356349945}, "gather_cache": {"input_token": 574, "output_token": 0, "money_cost": 0.0007174999999999999, "gpt_time_cost": 135.76084423065186}, "cutlass_scaled_mm_supports_fp8": {"execute_time": 48.92437267303467}, "advance_step_flashattn": {"execute_time": 75.35666108131409}, "convert_vertical_slash_indexes": {"input_token": 988, "output_token": 0, "money_cost": 0.001235, "gpt_time_cost": 182.5410635471344, "execute_time": 3.766367197036743}, "cutlass_scaled_mm": {"execute_time": 52.319395303726196}, "awq_dequantize": {"execute_time": 22.36218810081482}, "aqlm_gemm": {"execute_time": 20.290524005889893}, "allspark_w8a16_gemm": {"input_token": 464, "output_token": 0, "money_cost": 0.00058, "gpt_time_cost": 137.85926508903503}, "total": {"input_token": 8802, "output_token": 0, "money_cost": 0.0110025, "time_cost": 4463.7937207221985}}