{"dynamic_scaled_fp8_quant": {"execute_time": 42.86792826652527}, "advance_step_flashattn": {"execute_time": 13.508848428726196}, "cutlass_scaled_mm_supports_fp4": {"execute_time": 7.147926330566406}, "gptq_marlin_gemm": {"input_token": 479, "output_token": 0, "money_cost": 0.00059875, "gpt_time_cost": 152.04272842407227, "execute_time": 21.440052032470703}, "aqlm_dequant": {"execute_time": 22.745402812957764}, "convert_vertical_slash_indexes": {"input_token": 973, "output_token": 0, "money_cost": 0.00121625, "gpt_time_cost": 159.51487588882446, "execute_time": 17.0616717338562}, "static_scaled_fp8_quant": {"execute_time": 15.757947206497192}, "merge_attn_states": {"input_token": 650, "output_token": 0, "money_cost": 0.0008125000000000001, "gpt_time_cost": 104.31592226028442}, "marlin_gemm": {"execute_time": 19.389002084732056}, "convert_vertical_slash_indexes_mergehead": {"input_token": 892, "output_token": 0, "money_cost": 0.001115, "gpt_time_cost": 121.69173741340637}, "batched_rotary_embedding": {"input_token": 523, "output_token": 0, "money_cost": 0.00065375, "gpt_time_cost": 184.88413500785828}, "paged_attention": {"input_token": 507, "output_token": 0, "money_cost": 0.00063375, "gpt_time_cost": 68.40290379524231, "execute_time": 13.19856882095337}, "concat_and_cache_mla": {"input_token": 701, "output_token": 0, "money_cost": 0.00087625, "gpt_time_cost": 88.95500302314758}, "awq_gemm": {"execute_time": 64.91993308067322}, "dynamic_per_token_scaled_fp8_quant": {"execute_time": 342.48525500297546}, "cutlass_scaled_sparse_mm": {"execute_time": 132.45014572143555}, "dynamic_scaled_int8_quant": {"execute_time": 368.7134430408478}, "reshape_and_cache": {"input_token": 422, "output_token": 0, "money_cost": 0.0005275, "gpt_time_cost": 121.77392554283142}, "gptq_marlin_24_gemm": {"execute_time": 723.250640630722}, "gather_cache": {"input_token": 559, "output_token": 0, "money_cost": 0.00069875, "gpt_time_cost": 106.10431456565857}, "allspark_w8a16_gemm": {"input_token": 449, "output_token": 0, "money_cost": 0.00056125, "gpt_time_cost": 193.03717684745789, "execute_time": 28.078918933868408}, "swap_blocks": {"execute_time": 29.77443552017212}, "paged_attention_v1": {"input_token": 820, "output_token": 0, "money_cost": 0.0010249999999999999, "gpt_time_cost": 151.97972655296326, "execute_time": 13.360565423965454}, "total": {"input_token": 6975, "output_token": 0, "money_cost": 0.00871875, "time_cost": 3724.295918703079}}