{"vecquant8matmul_batched_faster_old": {"input_token": 115, "output_token": 0, "money_cost": 0.00014375, "gpt_time_cost": 205.4836368560791, "execute_time": 6.834283828735352}, "total": {"input_token": 0, "output_token": 0, "money_cost": 0.0, "time_cost": 218.752592086792}}