{"vecquant8matmul_batched_faster_old": {"input_token": 113, "output_token": 0, "money_cost": 0.00014125000000000002, "gpt_time_cost": 161.55331778526306, "execute_time": 21.12185049057007}, "total": {"input_token": 0, "output_token": 0, "money_cost": 0.0, "time_cost": 199.98830008506775}}