{"concat_and_cache_mla": {"input_token": 744, "output_token": 0, "money_cost": 0.00093, "gpt_time_cost": 96.53715562820435}, "dynamic_scaled_int8_quant": {"execute_time": 1021.3621621131897}, "machete_mm": {"input_token": 500, "output_token": 0, "money_cost": 0.000625, "gpt_time_cost": 224.1769735813141, "execute_time": 33.14868378639221}, "reshape_and_cache": {"input_token": 465, "output_token": 0, "money_cost": 0.0005812500000000001, "gpt_time_cost": 126.42915606498718}, "cutlass_scaled_mm_supports_fp8": {"input_token": 440, "output_token": 0, "money_cost": 0.00055, "gpt_time_cost": 122.42293310165405}, "paged_attention_v2": {"input_token": 1067, "output_token": 0, "money_cost": 0.0013337499999999999, "gpt_time_cost": 127.59984850883484, "execute_time": 0.5115745067596436}, "cutlass_scaled_mm_supports_block_fp8": {"input_token": 443, "output_token": 0, "money_cost": 0.00055375, "gpt_time_cost": 206.44248628616333, "execute_time": 134.61990809440613}, "static_scaled_int8_quant": {"execute_time": 1065.3805177211761}, "scaled_fp4_quant": {"input_token": 559, "output_token": 0, "money_cost": 0.00069875, "gpt_time_cost": 203.9089686870575, "execute_time": 0.0013155937194824219}, "static_scaled_fp8_quant": {"execute_time": 50.212286949157715}, "merge_attn_states": {"input_token": 693, "output_token": 0, "money_cost": 0.0008662499999999999, "gpt_time_cost": 125.21782207489014}, "batched_rotary_embedding": {"input_token": 566, "output_token": 0, "money_cost": 0.0007074999999999999, "gpt_time_cost": 217.14431309700012, "execute_time": 0.6921205520629883}, "swap_blocks": {"execute_time": 52.30064392089844}, "convert_vertical_slash_indexes": {"input_token": 1016, "output_token": 0, "money_cost": 0.00127, "gpt_time_cost": 121.53762555122375}, "gptq_marlin_24_gemm": {"execute_time": 97.9235372543335}, "aqlm_gemm": {"execute_time": 98.62476181983948}, "advance_step_flashattn": {"execute_time": 31.324820518493652}, "marlin_gemm": {"execute_time": 92.69160604476929}, "cutlass_scaled_fp4_mm": {"input_token": 674, "output_token": 0, "money_cost": 0.0008425, "gpt_time_cost": 156.9651165008545, "execute_time": 0.4718019962310791}, "awq_gemm": {"execute_time": 99.7582859992981}, "marlin_qqq_gemm": {"execute_time": 192.1140148639679}, "allspark_w8a16_gemm": {"input_token": 492, "output_token": 0, "money_cost": 0.000615, "gpt_time_cost": 244.271142244339}, "gptq_marlin_gemm": {"input_token": 522, "output_token": 0, "money_cost": 0.0006525000000000001, "gpt_time_cost": 176.7711308002472, "execute_time": 254.7636787891388}, "cutlass_scaled_mm_supports_fp4": {"input_token": 439, "output_token": 0, "money_cost": 0.00054875, "gpt_time_cost": 65.13106775283813}, "gather_cache": {"input_token": 602, "output_token": 0, "money_cost": 0.0007525, "gpt_time_cost": 124.40210676193237}, "paged_attention": {"input_token": 550, "output_token": 0, "money_cost": 0.0006875000000000001, "gpt_time_cost": 86.483651638031}, "paged_attention_v1": {"input_token": 863, "output_token": 0, "money_cost": 0.00107875, "gpt_time_cost": 126.9858705997467}, "dynamic_per_token_scaled_fp8_quant": {"execute_time": 72.06608033180237}, "convert_vertical_slash_indexes_mergehead": {"input_token": 935, "output_token": 0, "money_cost": 0.00116875, "gpt_time_cost": 128.5501389503479}, "cutlass_scaled_sparse_mm": {"execute_time": 67.06430172920227}, "total": {"input_token": 11570, "output_token": 0, "money_cost": 0.014462499999999998, "time_cost": 6981.330719947815}}