{"vecquant8matmul_batched_faster_old": {"input_token": 117, "output_token": 0, "money_cost": 0.00014625, "gpt_time_cost": 167.49808049201965, "execute_time": 260.03730607032776}, "total": {"input_token": 0, "output_token": 0, "money_cost": 0.0, "time_cost": 738.0885791778564}}